,0,1,2,3,4,5,6,7,8,9,10,11,12
11,Jeur,27,-3,17,4,55,-2,0,-,-,-,62   ,01/01/2011
10,Jeur,32,0,16,2,65,15,0,0,-1,0,62   ,01/02/2011
11,Jeur,33,-2,21,5,70,25,0,0,0,0,62   ,01/03/2011
10,Jeur,38,0,19,-2,35,-7,0,0,-3,0,62   ,01/04/2011
10,Jeur,41,2,27,3,80,29,0,5,-9,1,62   ,01/05/2011
11,Jeur,-,-,25,2,85,14,0,0,-2,1,62   ,01/06/2011
11,Jeur,32,0,27,5,65,-14,0,9,-98,1,62   ,01/07/2011
11,Jeur,31,-1,16,2,75,25,0,0,-1,0.0,62   ,02/02/2011
11,Jeur,33,-3,23,6,60,17,0,0,0,0.0,62   ,02/03/2011
11,Jeur,37,-1,18,-3,35,-7,0,0,-3,0,62   ,02/04/2011
11,Jeur,39,-1,26,2,85,34,0,5,-9,TR,62   ,02/05/2011
11,Jeur,41,5,-,,-,-,-,-,-,-,62   ,02/06/2011
10,Jeur,34,2,26,4,75,-4,0,9,-101,1,62   ,02/07/2011
11,Jeur,27,-3,18,5,75,18,0,0,0,0,62   ,03/01/2011
11,Jeur,31,-1,16,2,65,15,0,-,-,-,62   ,03/02/2011
11,Jeur,34,-2,23,6,60,17,0,0,0,0,62   ,03/03/2011
11,Jeur,37,-1,21,0,55,13,0,0,-3,0,62   ,03/04/2011
10,Jeur,-,-,26,-,70,-,0,5,-11,1.0,62   ,03/05/2011
9,Jeur,36,0,23,0,80,9,5,5,-4,1,62   ,03/06/2011
10,Jeur,-,-,26,-,95,16,0,9,-105,1,62   ,03/07/2011
11,Jeur,28,-2,20,7,65,8,0,-,-,-,62   ,04/01/2011
10,Jeur,31,-1,16,2,55,5,0,0,-2,0,62   ,04/02/2011
11,Jeur,38,0,20,-1,45,3,0,0,-3,0,62   ,04/04/2011
11,Jeur,40,0,24,0,60,9,0,5,-11,1,62   ,04/05/2011
10,Jeur,33,-3,23,0,95,24,0,5,-4,1,62   ,04/06/2011
10,Jeur,-,-,27,-,75,-4,0,9,-107,1,62   ,04/07/2011
9,Jeur,28,-2,17,4,80,23,0,0,0,0,62   ,05/01/2011
11,Jeur,31,-1,15,1,55,6,0,0,-2,0,62   ,05/02/2011
11,Jeur,34,-2,21,4,60,17,0,0,-1,0,62   ,05/03/2011
10,Jeur,32,-4,22,-1,85,12,3,8,-10,1,62   ,05/06/2011
11,Jeur,27,-1,13,0,70,14,0,0,0,0,62   ,06/01/2011
11,Jeur,32,-1,14,0,75,26,0,0,-2,0,62   ,06/02/2011
11,Jeur,34,-2,21,4,40,-3,0,0,-1,0,62   ,06/03/2011
10,Jeur,32,-4,23,0,85,14,0,7,-16,1,62   ,06/06/2011
10,Jeur,33,1,-,,-,-,-,-,-,-,62   ,06/07/2011
10,Jeur,-,-,11,-,70,14,0,0,0,0,62   ,07/01/2011
11,Jeur,32,1,16,2,75,26,0,0,-2,0,62   ,07/02/2011
11,Jeur,37,-1,-,,-,-,-,-,-,-,62   ,07/04/2011
11,Jeur,39,-1,-,,-,-,-,-,-,-,62   ,07/05/2011
10,Jeur,33,1,24,2,70,-9,0,8,-22,1,62   ,07/06/2011
11,Jeur,28,-4,23,1,90,11,2,11,-112,1,62   ,07/07/2011
10,Jeur,-,-,13,-,65,9,0,0,0,0.0,62   ,08/01/2011
11,Jeur,33,0,-,,-,-,-,-,-,-,62   ,08/02/2011
11,Jeur,37,1,23,6,48,5,0,0,0,0,62   ,08/03/2011
11,Jeur,-,-,-,-,-,-,-,-,-,-,62   ,08/04/2011
10,Jeur,34,-2,27,4,70,-3,0,7,-28,1,62   ,08/06/2011
10,Jeur,-,-,25,-,80,1,10,21,-104,3,62   ,08/07/2011
11,Jeur,27,-3,14,1,60,4,0,0,0,0,62   ,09/01/2011
11,Jeur,37,1,20,3,50,7,0,0,-1,0,62   ,09/03/2011
10,Jeur,-,-,26,-,70,-3,0,7,-30,1,62   ,09/06/2011
11,Jeur,29,-1,15,2,50,-6,0,0,0,0,62   ,10/01/2011
11,Jeur,33,0,16,2,75,27,0,0,-2,0,62   ,10/02/2011
11,Jeur,36,0,19,2,50,7,0,0,-1,0,62   ,10/03/2011
10,Jeur,37,-1,24,2,50,7,0,0,-7,0,62   ,10/04/2011
11,Jeur,28,-7,24,1,85,10,0,7,-32,1,62   ,10/06/2011
11,Jeur,-,-,26,-,70,-10,0,-,-,-,62   ,10/07/2011
11,Jeur,29,-1,11,-2,60,5,0,0,0,0,62   ,11/01/2011
11,Jeur,33,0,16,2,75,27,0,0,-2,0,62   ,11/02/2011
10,Jeur,35,-1,17,0,50,7,0,0,-1,0,62   ,11/03/2011
11,Jeur,-,-,22,0,60,16,0,0,-7,0,62   ,11/04/2011
11,Jeur,29,-6,26,3,70,-5,0,7,-33,1,62   ,11/06/2011
10,Jeur,31,-1,26,4,70,10,0,21,-115,3,62   ,11/07/2011
11,Jeur,29,-1,11,-2,55,0,0,0,0,0,62   ,12/01/2011
11,Jeur,33,0,19,5,65,17,0,0,-2,0,62   ,12/02/2011
11,Jeur,36,-1,19,1,55,13,0,0,-1,0,62   ,12/03/2011
10,Jeur,37,-2,24,2,57,13,0,0,-7,0,62   ,12/04/2011
10,Jeur,-,-,27,-,65,-10,0,7,-38,1,62   ,12/06/2011
11,Jeur,31,-1,25,3,80,0,0,21,-118,3,62   ,12/07/2011
10,Jeur,32,2,-,,-,-,-,-,-,-,62   ,12/12/2011
10,Jeur,-,-,12,-,60,5,0,0,0,0,62   ,13/01/2011
10,Jeur,32,-1,16,2,75,27,0,-,-,-,62   ,13/02/2011
11,Jeur,36,-1,22,4,35,-7,0,0,-1,0,62   ,13/03/2011
9,Jeur,-,-,24,-,70,26,0,0,-8,0,62   ,13/04/2011
10,Jeur,34,-1,27,4,70,-5,0,7,-40,1,62   ,13/06/2011
11,Jeur,31,1,15,2,70,15,0,0,0,0,62   ,14/01/2011
11,Jeur,33,0,16,2,85,37,0,0,-3,0,62   ,14/02/2011
11,Jeur,35,-2,18,0,40,-2,0,0,-1,0,62   ,14/03/2011
11,Jeur,38,-1,25,3,70,26,0,0,-8,0,62   ,14/04/2011
10,Jeur,34,-1,27,4,70,-5,0,7,-45,1,62   ,14/06/2011
11,Jeur,31,1,13,0,60,5,0,0,0,0,62   ,15/01/2011
10,Jeur,33,1,16,1,90,43,0,0,-3,0,62   ,15/02/2011
11,Jeur,37,0,18,0,40,-2,0,0,-1,0,62   ,15/03/2011
11,Jeur,-,-,24,-,50,6,0,0,-9,0,62   ,15/04/2011
10,Jeur,-,-,26,-,75,0,0,7,-49,1,62   ,15/06/2011
11,Jeur,31,0,-,,-,-,-,-,-,-,62   ,15/07/2011
10,Jeur,31,1,12,-1,60,6,0,0,0,0,62   ,16/01/2011
11,Jeur,32,-2,17,2,75,28,0,0,-3,0,62   ,16/02/2011
11,Jeur,36,-1,20,2,40,-2,0,0,-1,0,62   ,16/03/2011
10,Jeur,37,-2,25,2,65,20,0,0,-9,0,62   ,16/04/2011
11,Jeur,-,-,-,-,-,-,-,-,-,-,62   ,16/05/2011
11,Jeur,33,2,26,3,80,5,0,7,-52,1,62   ,16/06/2011
11,Jeur,31,0,-,,-,-,-,-,-,-,62   ,16/07/2011
10,Jeur,30,-1,13,0,65,11,0,0,0,0.0,62   ,17/01/2011
11,Jeur,30,-4,17,2,85,38,0,0,-3,0.0,62   ,17/02/2011
10,Jeur,37,-1,17,-2,35,-3,0,0,-1,0,62   ,17/03/2011
11,Jeur,37,-2,23,0,80,35,5,5,-4,TR,62   ,17/04/2011
10,Jeur,32,-3,26,3,70,-5,0,7,-56,1,62   ,17/06/2011
11,Jeur,-,-,25,-,85,4,0,-,-,-,62   ,17/07/2011
11,Jeur,30,-1,13,0,65,11,0,0,-1,0,62   ,18/01/2011
11,Jeur,30,-4,13,-2,85,38,0,0,-3,0,62   ,18/02/2011
11,Jeur,36,2,20,1,40,2,0,0,-1,0,62   ,18/03/2011
11,Jeur,-,-,22,-,55,10,0,5,-5,TR,62   ,18/04/2011
11,Jeur,29,-6,27,4,70,-5,1,9,-57,1,62   ,18/06/2011
10,Jeur,30,-1,25,3,85,4,0,21,-135,3,62   ,18/07/2011
11,Jeur,30,-1,14,,65,-,0,0,-,-,62   ,19/01/2011
11,Jeur,32,-2,14,-1,83,36,0,0,-2,0,62   ,19/02/2011
9,Jeur,37,-1,20,1,48,10,0,0,-1,0,62   ,19/03/2011
10,Jeur,37,-2,24,1,50,5,0,5,-5,1,62   ,19/04/2011
11,Jeur,32,-3,27,4,70,-5,0,9,-59,1,62   ,19/06/2011
11,Jeur,28,-3,25,3,85,4,0,21,-140,3,62   ,19/07/2011
11,Jeur,32,1,16,3,65,11,0,0,-1,0,62   ,20/01/2011
11,Jeur,32,-2,20,5,55,9,0,0,-2,0,62   ,20/02/2011
10,Jeur,38,1,20,1,42,4,0,0,-1,0,62   ,20/03/2011
11,Jeur,38,-1,23,0,92,55,0,5,-5,1,62   ,20/04/2011
11,Jeur,30,-4,27,4,65,-12,0,9,-64,1,62   ,20/06/2011
11,Jeur,29,-2,25,3,85,3,0,21,-145,3,62   ,20/07/2011
10,Jeur,-,-,15,-,55,2,0,0,-1,0,62   ,21/01/2011
11,Jeur,32,-2,13,-2,70,24,0,0,-2,0,62   ,21/02/2011
11,Jeur,37,1,20,1,60,22,0,0,-1,0,62   ,21/03/2011
11,Jeur,36,-3,23,0,50,3,0,5,-5,TR,62   ,21/04/2011
11,Jeur,33,-1,24,1,40,-37,0,9,-67,1,62   ,21/06/2011
11,Jeur,30,1,25,3,80,-2,0,21,-146,3,62   ,21/07/2011
10,Jeur,-,-,-,-,-,-,-,-,-,-,62   ,21/11/2011
11,Jeur,31,0,13,-1,65,12,0,0,-1,0,62   ,22/01/2011
11,Jeur,33,-1,13,1,65,-2,0,-,-,-,62   ,22/02/2011
9,Jeur,37,-1,20,0,65,27,0,0,-1,0,62   ,22/03/2011
10,Jeur,-,-,23,-,65,18,0,5,-5,TR,62   ,22/04/2011
11,Jeur,33,-1,26,3,80,3,0,9,-71,1,62   ,22/06/2011
11,Jeur,28,3,24,2,85,3,0,21,-150,3,62   ,22/07/2011
11,Jeur,33,-1,20,5,60,14,0,0,-2,0,62   ,23/02/2011
11,Jeur,38,0,20,0,48,10,0,0,-1,0,62   ,23/03/2011
11,Jeur,-,-,26,3,70,23,0,5,-5,TR,62   ,23/04/2011
10,Jeur,33,-1,23,0,70,-7,0,9,-77,13,62   ,23/06/2011
11,Jeur,29,-2,25,3,80,-2,0,21,-154,3,62   ,23/07/2011
11,Jeur,31,-,16,-,65,12,0,0,-1,0.0,62   ,24/01/2011
11,Jeur,32,-2,-,,-,-,-,-,-,-,62   ,24/02/2011
11,Jeur,37,1,21,1,33,-5,0,0,-1,0,62   ,24/03/2011
11,Jeur,34,0,-,,-,-,-,-,-,-,62   ,24/06/2011
11,Jeur,31,0,16,2,75,22,0,0,-1,0,62   ,25/01/2011
11,Jeur,31,-4,18,2,75,30,0,0,-3,0,62   ,25/02/2011
11,Jeur,-,-,22,-,60,22,0,0,-2,0,62   ,25/03/2011
11,Jeur,37,-2,23,0,65,18,0,5,-6,TR,62   ,25/04/2011
11,Jeur,-,-,25,-,85,3,0,21,-162,3,62   ,25/07/2011
11,Jeur,-,-,13,-,70,18,0,0,-1,0,62   ,26/01/2011
11,Jeur,32,-3,17,1,65,20,0,0,-3,0,62   ,26/02/2011
11,Jeur,37,-1,21,1,50,12,0,0,-2,0,62   ,26/03/2011
11,Jeur,37,-2,23,-1,57,8,0,5,-7,TR,62   ,26/04/2011
11,Jeur,30,-4,23,1,85,7,0,9,-86,1,62   ,26/06/2011
11,Jeur,31,0,24,2,85,3,0,21,-166,3,62   ,26/07/2011
11,Jeur,-,-,16,-,65,13,0,0,-1,0,62   ,27/01/2011
11,Jeur,32,-3,21,5,60,15,0,0,-3,0,62   ,27/02/2011
11,Jeur,36,-3,21,0,50,13,0,0,-3,0,62   ,27/03/2011
11,Jeur,37,-2,23,-1,60,11,0,5,-7,TR,62   ,27/04/2011
11,Jeur,28,-6,26,4,80,2,0,9,-89,1,62   ,27/06/2011
11,Jeur,31,0,25,3,85,3,0,21,-169,3,62   ,27/07/2011
11,Jeur,-,-,15,-,65,13,0,0,-1,0,62   ,28/01/2011
11,Jeur,33,-2,21,5,75,30,0,0,-3,0.0,62   ,28/02/2011
11,Jeur,37,-2,21,0,55,18,0,0,-3,0,62   ,28/03/2011
10,Jeur,39,0,24,0,50,1,0,5,-7,TR,62   ,28/04/2011
11,Jeur,32,-2,26,4,85,7,0,9,-91,1,62   ,28/06/2011
11,Jeur,29,2,-,,-,-,-,-,-,-,62   ,28/07/2011
10,Jeur,-,-,16,-,70,18,0,0,-1,0,62   ,29/01/2011
11,Jeur,38,-1,19,-2,55,18,0,0,-3,0,62   ,29/03/2011
11,Jeur,40,1,23,-1,80,3,10,5,-8,TR,62   ,29/04/2011
11,Jeur,32,-2,26,4,80,2,0,9,-93,1,62   ,29/06/2011
11,Jeur,30,-1,24,2,70,-12,0,21,-175,3,62   ,29/07/2011
11,Jeur,32,-,16,-,65,13,0,0,-2,0,62   ,30/01/2011
11,Jeur,38,-1,20,-1,40,3,0,0,-3,0,62   ,30/03/2011
11,Jeur,-,-,28,-,65,16,0,3,-8,TR,62   ,30/04/2011
11,Jeur,32,0,26,4,70,-9,0,9,-94,1,62   ,30/06/2011
11,Jeur,31,4,22,0,80,-8,0,21,-177,3,62   ,30/07/2011
11,Jeur,31,-1,17,3,53,3,0,0,-2,0,62   ,31/01/2011
11,Jeur,38,-1,21,0,50,13,0,0,-3,0,62   ,31/03/2011
10,Jeur,31,4,-,,-,-,-,-,-,-,62   ,31/07/2011
10,Jeur,31,-1,21,7,37,-13,0,0,-1,0,62   ,01/02/2012
11,Jeur,36,1,-,,-,-,-,-,-,-,62   ,01/03/2012
11,Jeur,39,-1,25,4,65,12,0,0,-3,0,62   ,01/04/2012
9,Jeur,39,-2,28,6,37,18,0,0,-14,0,62   ,01/05/2012
10,Jeur,36,2,26,5,65,-14,0,25,-104,0,62   ,01/07/2012
10,Jeur,31,-1,22,1,85,3,15,23,-182,2,62   ,01/08/2012
11,Jeur,31,-1,26,7,70,-15,0,23,-280,2,62   ,01/09/2012
11,Jeur,-,-,24,4,85,2,10,10,6,7.0,62   ,01/10/2012
11,Jeur,-,-,22,-,60,-9,0,32,-48,9.0,62   ,01/11/2012
11,Jeur,33,2,20,5,43,-25,0,32,-76,9,62   ,01/12/2012
10,Jeur,30,-2,19,5,65,15,0,0,-1,0,62   ,02/02/2012
11,Jeur,36,0,11,-5,55,12,0,0,0,0,62   ,02/03/2012
10,Jeur,-,-,27,-,35,-20,0,0,-14,0,62   ,02/05/2012
11,Jeur,38,-2,26,-4,65,-7,0,0,-5,0,62   ,02/06/2012
11,Jeur,-,-,26,-,65,-14,0,3,-107,TR,62   ,02/07/2012
11,Jeur,30,-2,23,2,85,3,0,23,-183,2,62   ,02/08/2012
10,Jeur,33,1,-,,-,-,-,-,-,-,62   ,02/09/2012
11,Jeur,30,-3,-,,-,-,-,-,-,-,62   ,02/10/2012
11,Jeur,28,-4,23,5,75,6,0,32,-48,9,62   ,02/11/2012
11,Jeur,32,1,21,7,47,-20,0,32,-76,89.0,62   ,02/12/2012
10,Jeur,35,-1,20,3,65,22,0,0,0,0,62   ,03/03/2012
11,Jeur,41,0,28,6,35,-20,0,0,-15,0,62   ,03/05/2012
11,Jeur,-,-,27,-,60,-,0,0,-9,0,62   ,03/06/2012
11,Jeur,31,-1,24,3,85,3,0,23,-188,2.0,62   ,03/08/2012
10,Jeur,-,-,25,-,95,13,0,23,-292,2,62   ,03/09/2012
10,Jeur,-,-,24,6,85,5,0,-,-,-,62   ,03/10/2012
11,Jeur,30,-3,23,6,75,6,0,32,-48,9,62   ,03/11/2012
11,Jeur,-,-,21,-,60,-7,0,32,-76,9.0,62   ,03/12/2012
10,Jeur,31,-1,17,3,55,5,0,0,-1,0,62   ,04/02/2012
11,Jeur,-,-,20,-,65,22,0,0,0,0,62   ,04/03/2012
11,Jeur,39,-1,24,3,60,7,0,0,-3,0.0,62   ,04/04/2012
10,Jeur,40,-1,27,5,-,-,0,0,-16,0,62   ,04/05/2012
10,Jeur,38,-1,25,3,85,13,0,0,-10,0,62   ,04/06/2012
11,Jeur,35,1,25,4,85,6,0,2,-113,TR,62   ,04/07/2012
11,Jeur,29,-3,24,4,80,-6,0,23,-192,2.0,62   ,04/08/2012
9,Jeur,-,-,24,-,80,-2,20,43,-275,4,62   ,04/09/2012
11,Jeur,30,-3,24,5,85,5,0,10,-,7,62   ,04/10/2012
11,Jeur,-,-,21,-,53,14,0,32,-76,9,62   ,04/12/2012
10,Jeur,31,-2,18,4,55,6,0,0,-1,0,62   ,05/02/2012
11,Jeur,-,-,23,-,70,27,0,0,-1,0,62   ,05/03/2012
10,Jeur,40,0,24,3,60,07,0,0,-4,0,62   ,05/04/2012
10,Jeur,41,-1,26,4,60,5,0,0,-17,0,62   ,05/05/2012
9,Jeur,39,1,27,6,65,-13,0,0,-18,0,62   ,05/06/2012
11,Jeur,32,-1,27,3,70,-11,0,3,-115,TR,62   ,05/07/2012
11,Jeur,31,-1,23,3,85,-1,0,23,-194,2.0,62   ,05/08/2012
11,Jeur,-,-,23,-,95,15,2,-,-,-,62   ,05/10/2012
10,Jeur,-,-,22,5,60,-9,0,32,-50,9.0,62   ,05/11/2012
10,Jeur,32,1,21,7,53,-14,0,32,-76,9,62   ,05/12/2012
10,Jeur,31,-2,18,4,85,36,0,0,-1,0,62   ,06/02/2012
11,Jeur,-,-,22,-,38,-5,0,0,-1,0,62   ,06/03/2012
11,Jeur,40,-1,-,,-,-,-,-,-,-,62   ,06/04/2012
10,Jeur,39,-3,27,4,43,-13,0,0,-17,0,62   ,06/05/2012
11,Jeur,32,-2,25,4,85,6,0,3,-119,TR,62   ,06/07/2012
11,Jeur,31,-1,25,5,80,-6,0,23,-196,2,62   ,06/08/2012
11,Jeur,30,-3,24,5,80,0,0,-,-,-,62   ,06/10/2012
11,Jeur,-,-,23,6,57,-12,-,32,-51,9.0,62   ,06/11/2012
11,Jeur,-,-,21,7,53,-14,0,32,-77,9.0,62   ,06/12/2012
9,Jeur,31,-2,17,3,65,16,0,0,-1,0,62   ,07/02/2012
10,Jeur,37,1,23,6,28,15,0,0,-1,0,62   ,07/03/2012
11,Jeur,-,-,25,-,45,-7,0,0,-5,0,62   ,07/04/2012
11,Jeur,39,-3,26,3,57,1,0,0,-17,0,62   ,07/05/2012
10,Jeur,33,-5,28,7,55,22,0,0,-30,0,62   ,07/06/2012
10,Jeur,23,0,24,4,85,4,0,3,-120,TR,62   ,07/07/2012
11,Jeur,28,-4,25,5,80,-6,0,23,-200,2,62   ,07/08/2012
11,Jeur,31,-1,-,,-,-,-,-,-,-,62   ,07/09/2012
11,Jeur,-,-,24,-,85,5,0,12,-,7,62   ,07/10/2012
11,Jeur,33,1,24,8,55,-14,0,32,55,9.0,62   ,07/11/2012
11,Jeur,-,-,24,11,55,-12,0,32,-77,9,62   ,07/12/2012
10,Jeur,31,-2,18,4,50,-1,0,0,-1,0,62   ,08/02/2012
9,Jeur,37,1,23,6,27,-16,0,0,-1,0,62   ,08/03/2012
11,Jeur,39,-2,26,5,45,-7,0,0,-6,0,62   ,08/04/2012
11,Jeur,-,-,27,-,65,9,0,0,-17,0,62   ,08/05/2012
11,Jeur,38,0,27,6,65,-13,0,0,-35,0,62   ,08/06/2012
10,Jeur,31,-2,-,,-,-,-,-,-,-,62   ,08/07/2012
10,Jeur,-,-,23,0,80,-6,0,23,-203,2,62   ,08/08/2012
11,Jeur,-,-,24,5,85,0,10,-,-,-,62   ,08/09/2012
10,Jeur,-,-,23,-,85,9,0,12,-,7,62   ,08/10/2012
11,Jeur,33,1,25,9,60,-9,0,32,-57,9.0,62   ,08/11/2012
11,Jeur,32,1,21,8,60,-7,0,32,-77,9,62   ,08/12/2012
10,Jeur,31,-2,17,4,55,6,0,0,-1,0,62   ,09/02/2012
10,Jeur,-,-,19,-,85,42,0,0,-1,0,62   ,09/03/2012
11,Jeur,-,-,28,-,47,-5,0,0,-6,0.0,62   ,09/04/2012
10,Jeur,-,-,27,-,55,-1,0,0,-17,0,62   ,09/05/2012
10,Jeur,32,-1,26,6,70,-11,0,3,-126,TR,62   ,09/07/2012
11,Jeur,31,-1,24,4,85,1,0,23,-206,2,62   ,09/08/2012
10,Jeur,31,-1,24,5,-,-,0,53,-274,5,62   ,09/09/2012
10,Jeur,32,2,-,-,-,-,0,12,-26,7,62   ,09/10/2012
11,Jeur,33,1,23,7,75,6,0,32,-57,9,62   ,09/11/2012
11,Jeur,32,1,21,8,60,-7,0,32,-77,9,62   ,09/12/2012
11,Jeur,30,-3,12,-2,55,7,0,0,-2,0,62   ,10/02/2012
10,Jeur,37,1,20,3,27,-10,0,0,-2,0,62   ,10/03/2012
11,Jeur,40,1,28,7,-,-,-,-,-,-,62   ,10/04/2012
10,Jeur,32,-1,-,,-,-,-,-,-,-,62   ,10/07/2012
11,Jeur,31,0,24,4,85,0,0,23,-209,2.0,62   ,10/08/2012
11,Jeur,32,0,24,5,85,0,0,53,-282,5.0,62   ,10/09/2012
11,Jeur,32,-1,24,-,75,-1,0,12,-30,7,62   ,10/10/2012
11,Jeur,33,1,-,,-,-,-,-,-,-,62   ,10/11/2012
11,Jeur,32,1,21,8,60,-7,0,32,-77,9,62   ,10/12/2012
10,Jeur,34,-2,20,3,28,-15,0,0,-1,0,62   ,11/03/2012
10,Jeur,36,-,-,-,-,-,-,-,-,-,62   ,11/07/2012
11,Jeur,30,-1,24,4,80,5,0,23,-211,2,62   ,11/08/2012
11,Jeur,31,-1,23,4,85,0,5,57,-281,6,62   ,11/09/2012
11,Jeur,-,-,25,-,70,-6,0,12,-31,7.0,62   ,11/10/2012
9,Jeur,31,1,24,-,49,-23,0,32,-60,8,62   ,11/11/2012
10,Jeur,-,-,23,-,60,18,0,0,-1,0.0,62   ,12/03/2012
11,Jeur,41,0,27,5,50,-4,0,0,-7,0,62   ,12/04/2012
11,Jeur,-,-,-,-,-,-,-,-,-,-,62   ,12/06/2012
10,Jeur,35,2,26,6,70,-10,0,3,-136,TR,62   ,12/07/2012
11,Jeur,29,-2,20,0,90,5,0,23,-212,2,62   ,12/08/2012
11,Jeur,30,-2,-,,-,-,-,-,-,-,62   ,12/09/2012
11,Jeur,33,-1,24,5,65,-11,0,12,-34,7,62   ,12/10/2012
11,Jeur,33,1,22,7,55,-15,0,32,-61,9,62   ,12/11/2012
10,Jeur,33,3,20,7,53,-15,0,32,-78,9.0,62   ,12/12/2012
10,Jeur,-,-,17,3,65,17,0,0,-2,0,62   ,13/02/2012
11,Jeur,36,-1,-,,-,-,-,-,-,-,62   ,13/03/2012
10,Jeur,39,-2,25,3,55,1,0,0,-8,0,62   ,13/04/2012
10,Jeur,26,-7,25,5,85,5,0,3,-139,TR,62   ,13/07/2012
11,Jeur,30,-1,24,4,80,-5,0,22,-216,2,62   ,13/08/2012
10,Jeur,32,-1,25,5,70,-12,0,57,-292,6.0,62   ,13/09/2012
11,Jeur,33,-1,25,7,60,-15,0,12,-37,7.0,62   ,13/10/2012
11,Jeur,-,-,22,-,55,-,0,32,-61,9,62   ,13/11/2012
11,Jeur,32,2,19,6,55,-13,0,32,-80,9.0,62   ,13/12/2012
10,Jeur,-,-,17,-,65,17,0,0,-2,0,62   ,14/02/2012
10,Jeur,38,-3,25,3,55,1,0,0,-8,0,62   ,14/04/2012
11,Jeur,38,1,28,7,57,-17,0,0,-53,0,62   ,14/06/2012
11,Jeur,34,1,25,5,70,-10,0,03,-140,TR,62   ,14/07/2012
11,Jeur,32,1,25,5,70,-15,0,23,-217,2.0,62   ,14/08/2012
10,Jeur,33,-1,25,7,65,-10,0,12,-38,7.0,62   ,14/10/2012
11,Jeur,33,1,-,,-,-,-,-,-,-,62   ,14/11/2012
10,Jeur,32,2,18,5,55,-13,0,32,-80,09,62   ,14/12/2012
11,Jeur,32,-2,20,6,55,8,0,0,-2,0,62   ,15/02/2012
11,Jeur,36,-2,21,3,30,-12,0,0,-7,0,62   ,15/03/2012
11,Jeur,38,1,27,6,65,-14,0,0,-6,0,62   ,15/06/2012
10,Jeur,33,0,25,5,80,-2,0,3,-141,TR,62   ,15/07/2012
10,Jeur,32,1,24,4,80,-5,0,23,-219,2.0,62   ,15/08/2012
10,Jeur,-,-,26,-,65,-17,-,-,-,-,62   ,15/09/2012
11,Jeur,-,-,20,-,60,-8,0,32,-80,9,62   ,15/12/2012
10,Jeur,-,-,12,-,90,36,0,0,0,0,62   ,16/01/2012
11,Jeur,32,-2,17,3,45,-2,0,0,-2,0,62   ,16/02/2012
10,Jeur,-,-,22,-,25,-17,0,0,-1,0.0,62   ,16/03/2012
11,Jeur,41,0,-,,-,-,-,-,-,-,62   ,16/05/2012
11,Jeur,37,2,27,6,65,-14,0,0,-60,0.0,62   ,16/06/2012
11,Jeur,34,1,-,,-,-,-,-,-,-,62   ,16/07/2012
11,Jeur,32,1,23,3,80,-5,0,23,-222,2,62   ,16/08/2012
11,Jeur,33,-1,-,,-,-,-,12,-42,7.0,62   ,16/10/2012
11,Jeur,32,2,20,7,47,21,0,32,-80,9.0,62   ,16/12/2012
11,Jeur,31,0,15,3,60,6,0,0,0,0,62   ,17/01/2012
11,Jeur,-,-,-,-,-,-,-,-,-,-,62   ,17/02/2012
10,Jeur,-,-,23,-,60,22,0,0,-1,0,62   ,17/03/2012
11,Jeur,37,2,27,6,65,-14,0,0,-63,0.0,62   ,17/06/2012
11,Jeur,32,1,-,,-,-,-,-,-,-,62   ,17/07/2012
11,Jeur,34,3,25,5,70,-15,0,23,-225,2,62   ,17/08/2012
11,Jeur,33,-1,-,,-,-,-,-,-,-,62   ,17/10/2012
11,Jeur,32,1,27,15,65,-2,0,32,-81,9,62   ,17/12/2012
10,Jeur,-,-,13,-,80,26,0,0,-1,0,62   ,18/01/2012
10,Jeur,-,-,22,3,59,21,0,0,-1,0,62   ,18/03/2012
10,Jeur,40,-1,29,7,43,-11,0,0,-10,0,62   ,18/04/2012
11,Jeur,-,-,24,-,85,-6,0,3,-153,0,62   ,18/07/2012
11,Jeur,34,3,24,4,70,-15,0,23,-227,2,62   ,18/08/2012
11,Jeur,33,0,24,4,70,-14,0,57,-325,6,62   ,18/09/2012
7,Jeur,-,-,26,-,50,-12,0,12,-47,7,62   ,18/10/2012
10,Jeur,31,0,18,6,70,3,0,32,-82,9,62   ,18/12/2012
11,Jeur,31,0,14,1,67,13,0,0,-1,0.0,62   ,19/01/2012
10,Jeur,-,-,22,-,59,21,0,0,-1,0,62   ,19/03/2012
11,Jeur,40,-1,-,,-,-,0,10,0,-,62   ,19/04/2012
11,Jeur,29,-4,23,3,95,13,5,7,-153,1,62   ,19/07/2012
10,Jeur,33,0,-,,-,-,-,-,-,-,62   ,19/09/2012
11,Jeur,33,0,24,6,55,-17,0,12,-49,7.0,62   ,19/10/2012
11,Jeur,-,-,18,-,75,8,0,-,-,-,62   ,19/12/2012
8,Jeur,28,-3,12,-1,80,26,0,0,-1,0.0,62   ,20/01/2012
9,Jeur,-,-,22,-,75,19,0,0,-2,0,62   ,20/02/2012
11,Jeur,39,1,-,,-,-,-,-,-,-,62   ,20/03/2012
11,Jeur,39,-2,26,4,50,-4,0,0,-10,0,62   ,20/04/2012
11,Jeur,33,2,26,5,65,-12,0,0,-73,0,62   ,20/06/2012
11,Jeur,30,-3,24,4,85,3,0,7,-157,1,62   ,20/07/2012
11,Jeur,-,-,24,-,85,1,0,57,-336,5,62   ,20/09/2012
11,Jeur,33,0,24,6,47,-25,0,12,-54,7,62   ,20/10/2012
11,Jeur,30,-1,17,5,50,-17,0,32,-82,9,62   ,20/12/2012
9,Jeur,-,-,13,-1,60,7,0,0,-3,0.0,62   ,21/01/2012
10,Jeur,33,-1,21,6,85,39,0,0,-2,0,62   ,21/02/2012
11,Jeur,39,1,27,8,30,-8,0,0,-1,0,62   ,21/03/2012
11,Jeur,-,-,28,-,50,-5,0,0,-10,0,62   ,21/04/2012
11,Jeur,36,1,27,6,60,17,0,0,-76,0,62   ,21/06/2012
11,Jeur,32,-1,25,5,85,3,0,7,-159,1,62   ,21/07/2012
11,Jeur,-,-,24,-,80,-4,0,23,-234,2.0,62   ,21/08/2012
11,Jeur,33,0,25,5,80,-4,0,57,-342,6,62   ,21/09/2012
10,Jeur,33,0,24,6,57,-15,0,12,-55,7,62   ,21/10/2012
9,Jeur,-,-,19,-,90,19,0,32,-68,9,62   ,21/11/2012
11,Jeur,30,-1,19,7,50,-17,0,32,-82,9,62   ,21/12/2012
11,Jeur,29,-2,-,-,-,-,-,-,-,-,62   ,22/01/2012
9,Jeur,35,1,21,6,37,-9,0,0,-2,0,62   ,22/02/2012
11,Jeur,39,1,24,4,37,-1,0,0,-1,0.0,62   ,22/03/2012
10,Jeur,39,-2,-,,-,-,-,-,-,-,62   ,22/04/2012
11,Jeur,36,1,24,3,-,-,0,0,-80,0.0,62   ,22/06/2012
11,Jeur,33,0,25,5,85,-3,0,-,-,-,62   ,22/07/2012
11,Jeur,-,-,25,-,70,-14,0,23,-240,2.0,62   ,22/08/2012
11,Jeur,32,-1,23,3,85,1,0,57,-350,6,62   ,22/09/2012
11,Jeur,-,-,22,-,70,-2,0,5612,-56,7,62   ,22/10/2012
11,Jeur,32,1,21,6,52,-17,0,32,-68,9,62   ,22/11/2012
10,Jeur,23,-8,21,2,-,-,0,32,-82,09,62   ,22/12/2012
11,Jeur,-,-,18,-,70,17,0,0,-1,0.0,62   ,23/01/2012
9,Jeur,36,0,21,0,74,28,0,0,-2,0,62   ,23/02/2012
11,Jeur,39,1,24,4,35,-3,0,0,-1,0,62   ,23/03/2012
10,Jeur,-,-,29,-,38,-17,0,0,-11,0,62   ,23/04/2012
11,Jeur,36,1,27,6,60,-17,0,0,-67,0,62   ,23/06/2012
11,Jeur,-,-,25,-,80,-2,0,7,-167,1,62   ,23/07/2012
11,Jeur,33,1,25,5,70,-14,0,23,-246,2,62   ,23/08/2012
11,Jeur,32,-1,24,4,85,0,0,57,-355,6,62   ,23/09/2012
11,Jeur,30,-3,24,6,80,7,20,32,-38,9,62   ,23/10/2012
11,Jeur,32,1,24,9,49,-22,0,-,-,-,62   ,23/11/2012
10,Jeur,-,-,21,8,60,-6,0,32,-82,9.0,62   ,23/12/2012
9,Jeur,30,-1,19,5,65,12,0,0,-1,0.0,62   ,24/01/2012
10,Jeur,-,-,20,-,42,-4,0,0,-3,0,62   ,24/02/2012
11,Jeur,39,1,22,2,55,17,0,0,-1,0,62   ,24/03/2012
10,Jeur,-,-,29,-,33,-17,0,0,-11,0,62   ,24/04/2012
11,Jeur,-,-,-,-,-,-,0,7,-172,1,62   ,24/07/2012
11,Jeur,34,2,26,2,70,-14,0,23,-249,2,62   ,24/08/2012
11,Jeur,-,-,23,-,75,-10,0,57,-362,6,62   ,24/09/2012
10,Jeur,-,-,24,-,80,7,0,32,-39,9,62   ,24/10/2012
10,Jeur,32,1,18,5,55,-11,0,32,-82,9,62   ,24/12/2012
11,Jeur,30,-1,18,4,75,22,0,0,-1,0,62   ,25/01/2012
10,Jeur,36,2,20,4,37,-8,0,0,-3,0,62   ,25/02/2012
11,Jeur,40,2,22,2,47,9,0,0,-2,0.0,62   ,25/03/2012
10,Jeur,-,-,29,-,37,-18,0,0,-11,0,62   ,25/04/2012
11,Jeur,36,2,26,5,70,-9,0,0,-93,0.0,62   ,25/06/2012
11,Jeur,-,-,25,-,80,-2,0,7,-175,1,62   ,25/07/2012
11,Jeur,34,2,25,5,70,-14,0,23,-253,2.0,62   ,25/08/2012
11,Jeur,33,0,23,4,75,-10,0,57,-369,6,62   ,25/09/2012
10,Jeur,-,-,22,4,85,12,0,32,-42,9,62   ,25/10/2012
11,Jeur,32,1,24,9,55,-14,0,32,-71,9.0,62   ,25/11/2012
11,Jeur,31,0,18,5,55,-11,0,32,-82,9,62   ,25/12/2012
11,Jeur,30,-2,15,1,75,23,0,0,-1,0,62   ,26/01/2012
10,Jeur,36,1,20,-4,35,-10,0,0,-3,0,62   ,26/02/2012
11,Jeur,-,-,28,9,36,-2,0,0,-2,0,62   ,26/03/2012
10,Jeur,40,-1,-,,-,-,-,-,-,-,62   ,26/04/2012
11,Jeur,35,1,26,5,70,-9,0,0,-94,0,62   ,26/06/2012
11,Jeur,32,-1,23,3,95,13,0,7,-179,1,62   ,26/07/2012
10,Jeur,-,-,25,-,75,-9,0,23,-255,2.0,62   ,26/08/2012
11,Jeur,34,1,25,6,70,-15,0,57,-377,6,62   ,26/09/2012
10,Jeur,32,-1,23,5,85,12,0,32,-43,9,62   ,26/10/2012
11,Jeur,31,0,15,2,45,21,0,32,-82,9,62   ,26/12/2012
11,Jeur,36,1,20,4,35,-10,0,0,-3,0,62   ,27/02/2012
10,Jeur,38,-1,22,1,55,18,0,0,-3,0,62   ,27/03/2012
10,Jeur,36,2,26,5,70,-9,0,0,-98,0.0,62   ,27/06/2012
11,Jeur,26,-8,23,3,95,3,0,7,-182,1.0,62   ,27/07/2012
11,Jeur,35,3,24,4,80,-4,0,23,-257,2,62   ,27/08/2012
9,Jeur,32,-1,26,7,70,-15,0,57,-383,6,62   ,27/09/2012
11,Jeur,32,-1,22,4,75,2,0,32,-45,9,62   ,27/10/2012
11,Jeur,33,2,24,9,65,-3,0,32,-73,9,62   ,27/11/2012
10,Jeur,29,-2,14,2,43,-26,0,32,-83,9,62   ,27/12/2012
11,Jeur,31,-1,17,3,67,15,0,0,-1,0,62   ,28/01/2012
10,Jeur,36,1,22,6,43,-2,0,0,-3,0,62   ,28/02/2012
11,Jeur,38,-1,25,4,65,28,0,0,-3,0,62   ,28/03/2012
10,Jeur,-,-,29,6,33,-24,0,0,-12,0,62   ,28/04/2012
11,Jeur,-,-,25,4,75,-4,0,0,-99,0,62   ,28/06/2012
11,Jeur,29,-4,23,3,85,3,0,7,-185,1,62   ,28/07/2012
11,Jeur,-,-,25,-,70,-14,0,23,-263,2,62   ,28/08/2012
11,Jeur,33,0,26,6,65,-18,0,57,-389,6,62   ,28/09/2012
11,Jeur,32,-1,-,,-,-,-,-,-,-,62   ,28/10/2012
10,Jeur,32,1,24,9,6,-6,0,32,-75,09,62   ,28/11/2012
11,Jeur,31,-1,16,2,70,18,0,0,-1,0.0,62   ,29/01/2012
9,Jeur,36,1,20,4,37,-8,0,0,-3,0,62   ,29/02/2012
11,Jeur,38,-1,25,4,55,18,0,0,-3,0,62   ,29/03/2012
10,Jeur,-,-,29,-,32,-25,0,0,-13,0,62   ,29/04/2012
11,Jeur,33,-1,25,4,75,-4,0,0,-101,0,62   ,29/06/2012
11,Jeur,31,-2,24,4,85,3,0,7,-188,1.0,62   ,29/07/2012
11,Jeur,33,1,26,7,70,-15,0,23,-265,2,62   ,29/08/2012
10,Jeur,33,0,26,6,65,-18,0,57,-393,6,62   ,29/09/2012
11,Jeur,32,0,23,6,60,-9,0,32,-45,9,62   ,29/10/2012
11,Jeur,32,1,20,4,85,15,0,32,-54,9.0,62   ,29/11/2012
11,Jeur,30,1,-,-,45,-,0,32,-84,9,62   ,29/12/2012
11,Jeur,31,-1,16,3,65,13,0,0,-1,0.0,62   ,30/01/2012
11,Jeur,39,0,26,5,45,8,0,0,-3,0,62   ,30/03/2012
10,Jeur,-,-,29,-,43,-11,0,0,-13,0,62   ,30/04/2012
11,Jeur,41,0,29,7,43,-21,0,0,-42,0,62   ,30/05/2012
11,Jeur,35,1,26,5,70,-09,3,3,-100,TR,62   ,30/06/2012
11,Jeur,31,-2,24,4,80,-2,0,7,-190,1,62   ,30/07/2012
11,Jeur,35,3,26,7,70,-15,0,23,-267,2,62   ,30/08/2012
11,Jeur,23,-9,22,5,47,-22,0,32,-45,9.0,62   ,30/10/2012
11,Jeur,32,1,21,6,37,31,0,32,-76,9,62   ,30/11/2012
11,Jeur,31,0,16,4,45,-24,0,32,-84,9,62   ,30/12/2012
11,Jeur,31,-1,19,3,55,5,0,0,-1,0,62   ,31/01/2012
10,Jeur,39,0,25,4,65,28,0,0,-3,0.0,62   ,31/03/2012
10,Jeur,29,-3,23,2,95,13,0,7,-194,1,62   ,31/07/2012
11,Jeur,-,-,25,-,80,-5,0,23,-273,2.0,62   ,31/08/2012
11,Jeur,31,-1,21,4,55,-14,0,32,-47,9.0,62   ,31/10/2012
10,Jeur,31,0,23,11,85,16,0,32,-84,9,62   ,31/12/2012
11,Jeur,31,0,24,12,70,3,0,0,0,0,62   ,01/01/2013
11,Jeur,32,-1,22,9,75,12,0,0,-1,0,62   ,01/02/2013
11,Jeur,35,-1,24,9,32,-24,0,0,0,0,62   ,01/03/2013
11,Jeur,-,-,29,-,33,-20,0,-,-,-,62   ,01/04/2013
10,Jeur,-,-,33,-,33,22,0,0,-14,0,62   ,01/05/2013
10,Jeur,-,-,28,6,57,-15,0,0,-2,6,62   ,01/06/2013
9,Jeur,-,-,24,-,85,6,0,-,-,-,62   ,01/07/2013
10,Jeur,34,2,25,5,75,-10,0,101,-201,10,62   ,01/09/2013
10,Jeur,31,-2,24,4,85,2,0,0,-4,19,62   ,01/10/2013
9,Jeur,33,1,24,7,50,-19,0,20,-60,21,62   ,01/11/2013
10,Jeur,28,-3,-,,-,-,-,-,-,-,62   ,01/12/2013
10,Jeur,-,-,21,9,75,8,0,0,0,0,62   ,02/01/2013
11,Jeur,35,-1,24,8,37,-17,0,0,0,0,62   ,02/03/2013
11,Jeur,40,0,29,8,33,-20,0,0,-3,0,62   ,02/04/2013
11,Jeur,42,1,31,9,45,-10,0,0,-14,0,62   ,02/05/2013
10,Jeur,38,-1,28,6,57,-15,20,20,15,2,62   ,02/06/2013
11,Jeur,31,-3,25,4,80,1,0,60,-50,6.0,62   ,02/07/2013
10,Jeur,-,-,25,-,80,1,0,0,-9,19,62   ,02/10/2013
10,Jeur,-,-,25,-,60,-9,0,20,-60,21.0,62   ,02/11/2013
10,Jeur,34,3,21,9,53,-14,0,0,0,0.0,62   ,03/01/2013
11,Jeur,-,-,24,-6,32,-22,0,0,0,0,62   ,03/03/2013
11,Jeur,38,-2,27,6,45,-8,0,0,-3,0,62   ,03/04/2013
10,Jeur,41,0,31,-,50,-5,0,0,-15,0,62   ,03/05/2013
11,Jeur,39,0,26,4,75,3,0,20,11,2,62   ,03/06/2013
11,Jeur,32,-2,24,3,85,6,20,80,-33,8,62   ,03/07/2013
9,Jeur,-,-,26,-,60,-22,0,101,-213,10.0,62   ,03/09/2013
9,Jeur,32,-1,25,7,70,1,0,20,-60,2.0,62   ,03/11/2013
10,Jeur,33,2,20,6,75,8,0,20,-88,21.0,62   ,03/12/2013
11,Jeur,-,-,21,-,60,-7,0,0,0,0,62   ,04/01/2013
10,Jeur,32,-1,23,10,47,17,0,0,-1,0,62   ,04/02/2013
11,Jeur,38,-2,27,6,30,-23,0,0,-3,0,62   ,04/04/2013
11,Jeur,41,0,29,7,37,13,0,0,-16,0,62   ,04/05/2013
9,Jeur,35,-4,24,3,85,13,15,35,25,3.0,62   ,04/06/2013
10,Jeur,27,-6,24,3,80,1,0,80,-35,8,62   ,04/07/2013
11,Jeur,32,-1,26,7,65,-17,0,101,-217,10.0,62   ,04/09/2013
9,Jeur,32,-1,24,7,80,11,0,20,-62,21,62   ,04/11/2013
10,Jeur,30,-1,18,4,90,23,0,20,-88,21,62   ,04/12/2013
10,Jeur,34,3,18,6,50,-17,0,0,0,0.0,62   ,05/01/2013
10,Jeur,33,-1,20,7,43,16,0,0,-1,0,62   ,05/02/2013
11,Jeur,36,-1,26,10,27,-27,0,0,-1,0,62   ,05/03/2013
11,Jeur,39,-1,-,,-,-,-,-,-,-,62   ,05/04/2013
11,Jeur,42,1,30,7,35,-20,0,0,-17,0,62   ,05/05/2013
10,Jeur,34,-4,27,6,70,-8,0,35,17,3,62   ,05/06/2013
11,Jeur,30,-3,24,,80,1,0,80,-38,8.0,62   ,05/07/2013
9,Jeur,-,-,24,-,50,-19,0,20,-62,21,62   ,05/11/2013
10,Jeur,30,-1,20,6,70,3,0,20,-88,21,62   ,05/12/2013
10,Jeur,33,2,18,6.0,48,-19,0,0,0,0,62   ,06/01/2013
10,Jeur,31,-3,20,7,60,1,0,0,-1,0,62   ,06/02/2013
11,Jeur,-,-,24,-,37,17,0,0,-1,3,62   ,06/03/2013
10,Jeur,-,-,27,6,40,-13,0,0,-5,0,62   ,06/04/2013
10,Jeur,-,-,29,-,43,-13,0,0,-17,0,62   ,06/05/2013
11,Jeur,36,-2,26,5,80,2,10,45,21,5,62   ,06/06/2013
11,Jeur,32,-1,25,5,70,-11,0,80,-41,8,62   ,06/07/2013
11,Jeur,34,1,24,5,80,-2,0,101,-221,10.0,62   ,06/09/2013
7,Jeur,-,-,22,-,70,1,0,20,-63,21.0,62   ,06/11/2013
11,Jeur,30,-1,13,-1,60,-7,0,20,-89,21,62   ,06/12/2013
11,Jeur,-,-,15,-,45,-22,0,0,0,0,62   ,07/01/2013
11,Jeur,32,-2,20,7,43,-15,0,0,-1,0,62   ,07/02/2013
10,Jeur,40,-1,28,7,42,-10,0,0,-5,0,62   ,07/04/2013
10,Jeur,-,-,28,5,55,-1,0,0,-17,0,62   ,07/05/2013
11,Jeur,31,-7,24,3,85,7,5,50,20,5,62   ,07/06/2013
11,Jeur,32,-1,25,5,75,-6,0,80,-43,8.0,62   ,07/07/2013
11,Jeur,34,1,27,8,55,-27,0,101,-222,10,62   ,07/09/2013
11,Jeur,-,-,25,-,80,0,0,0,-27,19.0,62   ,07/10/2013
8,Jeur,30,-3,23,7,60,-9,0,20,-67,21,62   ,07/11/2013
10,Jeur,-,-,10,-,50,-17,0,20,-89,21.0,62   ,07/12/2013
10,Jeur,33,-2,16,4,55,-12,0,0,0,0,62   ,08/01/2013
11,Jeur,32,-2,22,9,70,11,0,0,-1,0,62   ,08/02/2013
11,Jeur,-,-,27,-,40,-12,0,0,-1,0,62   ,08/03/2013
10,Jeur,-,-,29,-,33,-19,0,0,-6,0,62   ,08/04/2013
10,Jeur,42,0,29,6,55,-1,0,0,-17,0,62   ,08/05/2013
10,Jeur,-,-,25,-,85,7,0,50,15,5.0,62   ,08/06/2013
10,Jeur,-,-,23,-,95,14,20,100,-25,10.0,62   ,08/07/2013
11,Jeur,34,2,27,8,55,-30,0,101,-224,10,62   ,08/09/2013
10,Jeur,32,-2,25,6,90,14,0,0,-31,19,62   ,08/10/2013
9,Jeur,31,-1,23,7,60,-9,0,20,-69,21,62   ,08/11/2013
10,Jeur,29,-2,11,-1,57,-10,0,20,-89,21.0,62   ,08/12/2013
10,Jeur,33,-1,23,10,55,-4,0,0,-1,0,62   ,09/02/2013
11,Jeur,36,-1,28,11,23,-29,0,0,-1,0.0,62   ,09/03/2013
10,Jeur,40,1,29,8,27,-25,0,0,-6,0,62   ,09/04/2013
10,Jeur,43,1,29,6,55,-1,0,0,-17,0,62   ,09/05/2013
10,Jeur,35,-3,25,4,77,-1,0,50,12,5.0,62   ,09/06/2013
11,Jeur,29,-4,23,-3,85,5,0,100,-29,10,62   ,09/07/2013
10,Jeur,-,-,27,-,60,-25,0,101,225,10.0,62   ,09/09/2013
10,Jeur,32,-2,26,7,70,-6,0,0,-38,19.0,62   ,09/10/2013
9,Jeur,32,0,22,6,70,1,0,20,-69,21.0,62   ,09/11/2013
10,Jeur,-,-,09,-4,55,-12,0,20,-89,21,62   ,09/12/2013
10,Jeur,31,0,17,5,65,-2,0,0,0,0,62   ,10/01/2013
11,Jeur,-,-,23,-,53,-6,0,0,-2,0,62   ,10/02/2013
11,Jeur,36,-1,27,10,-,-,0,0,-1,0,62   ,10/03/2013
10,Jeur,41,0,30,9,33,-19,0,0,-7,0,62   ,10/04/2013
10,Jeur,43,1,29,6,55,-1,0,0,-18,0,62   ,10/05/2013
11,Jeur,36,-1,-,,-,-,-,-,-,-,62   ,10/06/2013
10,Jeur,29,-4,23,3,85,5,0,100,-32,10,62   ,10/07/2013
10,Jeur,32,-2,24,5,80,4,0,0,-43,19.0,62   ,10/10/2013
9,Jeur,32,0,23,7,60,-9,0,20,-70,21,62   ,10/11/2013
9,Jeur,-,-,8,-5,50,-17,0,20,-89,21.0,62   ,10/12/2013
11,Jeur,31,0,17,5,55,-12,0,0,0,0,62   ,11/01/2013
11,Jeur,33,-1,23,10,55,-4,0,0,-2,0,62   ,11/02/2013
10,Jeur,-,-,26,-,22,-30,0,0,-1,0,62   ,11/03/2013
10,Jeur,40,-1,-,,-,-,-,-,-,-,62   ,11/04/2013
10,Jeur,-,-,30,-,44,-14,0,0,-18,0,62   ,11/05/2013
10,Jeur,-,-,27,-,65,-9,0,50,10,5,62   ,11/06/2013
11,Jeur,29,-4,23,3,85,5,0,100,-36,10,62   ,11/07/2013
10,Jeur,30,-2,23,4,85,0,-,-,-,-,62   ,11/09/2013
10,Jeur,-,-,23,-,60,-9,0,20,-72,21.0,62   ,11/11/2013
11,Jeur,-,-,9,-,57,-40,0,20,-89,21,62   ,11/12/2013
11,Jeur,31,0,17,5,50,-17,0,0,0,0,62   ,12/01/2013
10,Jeur,33,-1,24,11,48,-11,0,0,-2,0,62   ,12/02/2013
11,Jeur,37,-1,27,10,20,-31,0,0,-1,0,62   ,12/03/2013
10,Jeur,40,-1,29,7,33,-21,0,0,-7,0,62   ,12/04/2013
11,Jeur,-,-,29,-,50,-8,0,0,-18,0,62   ,12/05/2013
11,Jeur,34,-3,27,6,65,-9,0,50,4,5.0,62   ,12/06/2013
11,Jeur,-,-,21,2,85,5,-,-,-,-,62   ,12/07/2013
11,Jeur,-,-,24,5,85,0,0,104,-241,10,62   ,12/09/2013
10,Jeur,31,-2,23,1,83,8,0,0,-46,-,62   ,12/10/2013
10,Jeur,-,-,21,-,53,-17,0,20,-73,21.0,62   ,12/11/2013
10,Jeur,-,-,9,-,50.0,-18,0,20,-90,21.0,62   ,12/12/2013
10,Jeur,31,0,17,5,50,-17,0,0,0,0,62   ,13/01/2013
11,Jeur,37,-1,-,,-,-,-,-,-,-,62   ,13/03/2013
10,Jeur,41,0,31,9,30,-24,0,0,-8,0,62   ,13/04/2013
11,Jeur,-,-,28,-,50,-8,0,0,-19,0,62   ,13/05/2013
11,Jeur,-,-,27,-,65,-9,0,50,2,5.0,62   ,13/06/2013
10,Jeur,29,-3,27,8,70,-15,0,104,-245,10,62   ,13/09/2013
9,Jeur,30,-3,24,6,80,5,20,20,-29,208,62   ,13/10/2013
10,Jeur,31,-1,21,5,53,-17,0,20,-73,21.0,62   ,13/11/2013
11,Jeur,-,-,9,-,50,-18,0,20,-92,21,62   ,13/12/2013
11,Jeur,31,0,15,3,45,-22,0,0,0,0,62   ,14/01/2013
11,Jeur,-,-,23,-,47,12,0,0,-2,0,62   ,14/02/2013
11,Jeur,37,-1,25,6,40,-11,0,0,-1,0,62   ,14/03/2013
9,Jeur,-,-,30,-,35,19,0,0,-8,0,62   ,14/04/2013
10,Jeur,40,-2,29,6,43,-15,0,0,-20,0,62   ,14/05/2013
11,Jeur,33,-4,25,4,80,6,0,50,-3,5,62   ,14/06/2013
11,Jeur,32,-1,24,4,85,3,2,106,-245,11,62   ,14/09/2013
10,Jeur,30,-4,25,7,80,5,0,20,-30,21,62   ,14/10/2013
10,Jeur,31,-1,21,4,52,-18,0,20,-76,21.0,62   ,14/11/2013
9,Jeur,29,-1,7,-6,55,-13,0,20,-92,21.0,62   ,14/12/2013
11,Jeur,32,1,18,6,35,-32,0,0,0,0,62   ,15/01/2013
11,Jeur,34,0,24,9,38,-20,0,0,-2,0,62   ,15/02/2013
11,Jeur,36,-2,28,11,27,-24,0,0,-1,0,62   ,15/03/2013
10,Jeur,41,0,30,8,33,-21,0,0,-9,0,62   ,15/04/2013
10,Jeur,40,-2,29,6,55,-3,0,0,-20,0,62   ,15/05/2013
10,Jeur,-,-,24,-,83,4,10,60,4,6.0,62   ,15/06/2013
11,Jeur,31,-2,24,4,90,8,30,136,-218,14.0,62   ,15/09/2013
10,Jeur,32,-2,25,7,80,5,0,20,-31,21,62   ,15/10/2013
10,Jeur,31,-1,23,7,55,-15,0,20,-77,21.0,62   ,15/11/2013
11,Jeur,31,1,08,-5,55,-7,0,20,-92,21,62   ,15/12/2013
11,Jeur,-,-,23,9,68,10,0,0,-2,0,62   ,16/02/2013
11,Jeur,37,-1,24,6,40,-11,0,0,-1,0,62   ,16/03/2013
10,Jeur,-,-,27,-,30,-23,0,0,-9,0,62   ,16/04/2013
10,Jeur,-,-,26,-,70,8,0,0,-21,0,62   ,16/05/2013
10,Jeur,29,-6,24,3,-,-,0,60,0,6.0,62   ,16/06/2013
11,Jeur,30,-3,24,4,85,3,0,136,-225,14.0,62   ,16/09/2013
10,Jeur,32,-1,-,,-,-,-,-,-,-,62   ,16/10/2013
10,Jeur,30,-2,20,4,58,-12,0,20,-77,21.0,62   ,16/11/2013
11,Jeur,33,1,27,14,55,-10,0,0,0,0.0,62   ,17/01/2013
10,Jeur,32,-3,23,-,68,10,0,0,-2,0,62   ,17/02/2013
11,Jeur,36,-,24,-,50,-1,0,0,-1,0,62   ,17/03/2013
10,Jeur,39,-2,27,5,35,-17,0,0,-9,0,62   ,17/04/2013
10,Jeur,-,-,29,-,55,-7,0,0,-22,0,62   ,17/05/2013
10,Jeur,29,6,25,4,80,1,0,60,-3,6,62   ,17/06/2013
10,Jeur,31,-2,23,3,95,13,45,181,-187,18,62   ,17/09/2013
11,Jeur,-,-,24,6,80,5,0,20,-35,21,62   ,17/10/2013
10,Jeur,30,-2,20,4,60,-11,0,20,-78,21.0,62   ,17/11/2013
10,Jeur,31,1,8,-4,53,-14,0,20,-93,21.0,62   ,17/12/2013
11,Jeur,32,0,17,4,65,0,0,0,-1,0,62   ,18/01/2013
11,Jeur,-,-,20,6,70,12,0,0,-2,0,62   ,18/02/2013
11,Jeur,36,-3,28,10,30,-21,0,0,-1,0,62   ,18/03/2013
10,Jeur,39,2,29,6,50,-12,0,0,-22,0,62   ,18/05/2013
11,Jeur,30,-5,26,5,70,-7,0,60,-5,6.0,62   ,18/06/2013
11,Jeur,30,-3,23,3,95,11,5,186,-197,19,62   ,18/09/2013
10,Jeur,32,-1,25,7,95,23,0,20,-39,21.0,62   ,18/10/2013
10,Jeur,-,-,21,5,53,-18,0,20,-78,21.0,62   ,18/11/2013
10,Jeur,30,-1,8,-4,48,-19,0,20,-94,21.0,62   ,18/12/2013
11,Jeur,30,0,15,3,100,33,0,0,-1,0,62   ,19/01/2013
11,Jeur,32,-3,19,5,35,23,0,0,-2,0,62   ,19/02/2013
11,Jeur,37,-2,26,8,27,-5,0,0,-3,0,62   ,19/03/2013
10,Jeur,40,-1,30,7,49,-13,0,0,-23,0,62   ,19/05/2013
11,Jeur,33,-2,25,4,65,-14,0,60,-7,6.0,62   ,19/06/2013
10,Jeur,29,-4,23,3,95,11,-,-,-,-,62   ,19/09/2013
10,Jeur,32,-1,24,6,70,-2,0,20,-41,21,62   ,19/10/2013
10,Jeur,31,0,16,0,60,9,0,20,-80,21.0,62   ,19/11/2013
11,Jeur,30,-2,15,2,65,0,0,0,-1,0,62   ,20/01/2013
11,Jeur,32,-3,22,7,33,-26,0,0,-2,0,62   ,20/02/2013
10,Jeur,37,-2,26,8,23,-18,0,0,-1,0,62   ,20/03/2013
10,Jeur,-,-,26,4,63,10,0,0,-,-,62   ,20/04/2013
10,Jeur,40,-1,28,5,65,5,0,0,-24,0,62   ,20/05/2013
11,Jeur,32,3,26,5,65,-12,0,60,-13,6,62   ,20/06/2013
10,Jeur,27,-6,-,,-,-,-,-,-,-,62   ,20/09/2013
10,Jeur,32,-1,-,,-,-,-,-,-,-,62   ,20/10/2013
10,Jeur,32,1,13,-3,53,-18,0,20,-80,21,62   ,20/11/2013
11,Jeur,30,-1,8,-4,65,-2,0,20,-94,21.0,62   ,20/12/2013
11,Jeur,30,-2,17,4,55,-10,0,0,-1,0.0,62   ,21/01/2013
11,Jeur,34,-1,22,7,33,-26,0,0,-2,0,62   ,21/02/2013
10,Jeur,-,-,27,4,58,4,0,0,-10,0,62   ,21/04/2013
10,Jeur,35,-6,30,8,55,-8,0,0,-25,0,62   ,21/05/2013
11,Jeur,-,-,-,-,-,-,-,60,-16,6,62   ,21/06/2013
10,Jeur,28,-5,22,2,90,8,0,-,-,-,62   ,21/07/2013
11,Jeur,31,-2,23,3,85,1,0,186,-214,19,62   ,21/09/2013
11,Jeur,-,-,25,-,60,-12,0,20,-47,21,62   ,21/10/2013
10,Jeur,31,0,-,,-,-,0,20,-94,21,62   ,21/12/2013
11,Jeur,31,-1,19,6,55,-10,0,0,-1,0,62   ,22/01/2013
10,Jeur,-,-,22,-,55,-4,0,0,-2,0,62   ,22/02/2013
11,Jeur,-,-,21,8,25,-25,0,0,-1,0,62   ,22/03/2013
10,Jeur,37,4,27,4,45,-10,0,0,-10,0,62   ,22/04/2013
10,Jeur,40,-1,29,7,43,-20,0,0,-26,0,62   ,22/05/2013
11,Jeur,28,-5,24,4,85,3,0,100,-70,10,62   ,22/07/2013
10,Jeur,30,-3,-,,-,-,-,-,-,-,62   ,22/09/2013
10,Jeur,32,-1,24,6,60,-12,0,20,-48,21.0,62   ,22/10/2013
10,Jeur,30,-1,8,-5,65,-1,0,20,-94,21.0,62   ,22/12/2013
11,Jeur,31,-1,20,7,60,-5,0,0,-1,0.0,62   ,23/01/2013
11,Jeur,35,0,23,8,60,01,0,0,-2,0,62   ,23/02/2013
11,Jeur,38,-1,27,8,40,-10,0,0,-1,0,62   ,23/03/2013
10,Jeur,38,-3,28,5,55,0,0,0,-11,0,62   ,23/04/2013
10,Jeur,42,1,30,8,37,26,0,0,-27,0,62   ,23/05/2013
11,Jeur,30,-3,21,1,95,13,-,-,-,-,62   ,23/07/2013
11,Jeur,31,-2,24,5,80,-5,0,186,-226,19,62   ,23/09/2013
9,Jeur,31,-2,25,7,70,-3,0,20,-50,21,62   ,23/10/2013
11,Jeur,32,1,14,-1,35,-34,0,20,-83,21,62   ,23/11/2013
9,Jeur,30,-1,12,-1,75,9,0,20,-94,21.0,62   ,23/12/2013
11,Jeur,32,0,19,6,50,-15,0,0,-1,0,62   ,24/01/2013
11,Jeur,35,0,-,,-,-,-,-,-,-,62   ,24/02/2013
11,Jeur,37,-2,27,8,40,-10,0,0,-1,0,62   ,24/03/2013
10,Jeur,-,-,30,-,43,-12,0,0,-11,0,62   ,24/04/2013
10,Jeur,42,1,30,8,37,26,0,0,-29,0,62   ,24/05/2013
11,Jeur,27,5,24,4,80,-2,1,101,-78,10,62   ,24/07/2013
10,Jeur,-,-,24,-,70,-15,0,186,-233,19.0,62   ,24/09/2013
10,Jeur,31,-2,24,6,100,27,0,20,-51,21.0,62   ,24/10/2013
9,Jeur,-,-,16,1,36,-33,0,20,-83,21.0,62   ,24/11/2013
9,Jeur,29,-2,8,-5,65,-01,0,20,-94,21.0,62   ,24/12/2013
11,Jeur,32,0,19,6,55,-10,0,0,-1,0,62   ,25/01/2013
11,Jeur,35,-1,22,6,40,-16,0,0,-3,0,62   ,25/02/2013
11,Jeur,-,-,27,-,35,15,0,0,-2,0,62   ,25/03/2013
10,Jeur,42,1,29,6,50,-13,0,0,-31,0,62   ,25/05/2013
10,Jeur,28,-5,24,4,85,3,0,101,-82,10,62   ,25/07/2013
11,Jeur,30,-3,24,5,70,-15,0,186,-240,19.0,62   ,25/09/2013
10,Jeur,32,-1,24,6,80,7,0,20,-54,21,62   ,25/10/2013
9,Jeur,32,1,22,7,80,11,0,20,-83,21,62   ,25/11/2013
10,Jeur,29,-1,8,-5,65,-1,0,20,-94,21,62   ,25/12/2013
11,Jeur,31,-1,-,,-,-,-,-,-,-,62   ,26/01/2013
10,Jeur,-,-,29,10,37,-13,0,0,-2,0,62   ,26/03/2013
10,Jeur,40,-1,27,4,60,5,0,0,-11,0,62   ,26/04/2013
10,Jeur,41,0,29,7,55,-9,0,0,-36,0,62   ,26/05/2013
10,Jeur,29,-4,23,3,85,2,0,101,-85,10,62   ,26/07/2013
10,Jeur,30,-3,25,5,85,0,0,186,-248,19.0,62   ,26/09/2013
10,Jeur,-,-,24,-,85,12,0,20,-55,21.0,62   ,26/10/2013
9,Jeur,32,1,19,4,80,11,0,20,-84,21,62   ,26/11/2013
11,Jeur,31,-2,-,,-,-,-,-,-,-,62   ,27/01/2013
10,Jeur,35,-1,21,6,33,-23,0,0,-3,0,62   ,27/02/2013
9,Jeur,39,0,28,8,33,-17,0,0,-3,0,62   ,27/03/2013
10,Jeur,42,1,29,7,55,-9,0,0,-39,0,62   ,27/05/2013
11,Jeur,31,-2,25,6,70,-15,0,186,-254,19,62   ,27/09/2013
11,Jeur,31,-2,24,6,85,12,0,20,-57,21,62   ,27/10/2013
10,Jeur,33,2,15,0,90,22,0,20,-85,21.0,62   ,27/11/2013
10,Jeur,30,-1,11,-1,65,-4,0,20,-95,21.0,62   ,27/12/2013
11,Jeur,-,-,19,-,55,-9,0,0,-1,0,62   ,28/01/2013
11,Jeur,35,-1,21,5,25,-31,0,0,-3,0,62   ,28/02/2013
10,Jeur,-,-,30,-,39,-18,0,0,-12,0,62   ,28/04/2013
10,Jeur,39,2,28,6,70,6,0,0,-40,0,62   ,28/05/2013
10,Jeur,31,-2,24,4,85,2,0,186,-260,19.0,62   ,28/09/2013
10,Jeur,31,-1,25,8,70,01,0,20,-57,21.0,62   ,28/10/2013
10,Jeur,32,1,19,4,53,-15,0,20,-87,21,62   ,28/11/2013
10,Jeur,29,-2,8,-4,75,6,0,20,-96,21,62   ,28/12/2013
10,Jeur,32,-1,19,6,65,1,0,0,-1,0,62   ,29/01/2013
10,Jeur,38,-3,29,7,55,-9,0,0,-41,0,62   ,29/05/2013
11,Jeur,-,-,-,-,-,-,-,-,-,-,62   ,29/06/2013
10,Jeur,31,-2,24,4,83,0,0,186,-247,18.61,62   ,29/09/2013
10,Jeur,32,0,26,9,50,-19,0,20,-57,21.0,62   ,29/10/2013
11,Jeur,-,-,14,-,53,-15,0,20,-88,21,62   ,29/11/2013
9,Jeur,30,-1,8,-4,65,-4,0,20,-96,21,62   ,29/12/2013
11,Jeur,33,0,19,6,55,-9,0,0,-1,0,62   ,30/01/2013
10,Jeur,39,0,25,6,33,20,0,0,-3,0,62   ,30/03/2013
10,Jeur,-,-,31,8,34,23,0,0,-13,0,62   ,30/04/2013
10,Jeur,-,-,27,-,70,6,0,0,-42,0,62   ,30/05/2013
11,Jeur,-,-,26,-,70,-15,0,-,-,-,62   ,30/08/2013
11,Jeur,-,-,25,-,80,-3,2,188,-270,19.0,62   ,30/09/2013
11,Jeur,33,1,25,7,60,-9,0,20,-57,21,62   ,30/10/2013
9,Jeur,30,-1,14,-1,45,-23,0,20,-88,21.0,62   ,30/11/2013
10,Jeur,-,-,10,-2,75,6,0,20,-96,21,62   ,30/12/2013
11,Jeur,32,-1,20,7,75,12,0,0,-1,0,62   ,31/01/2013
10,Jeur,-,-,28,-,57,-15,0,0,-43,0,62   ,31/05/2013
10,Jeur,-,-,25,-,70,-15,0,101,-195,10,62   ,31/08/2013
10,Jeur,-,-,23,-,55,-14,0,20,-59,21.0,62   ,31/10/2013
10,Jeur,29,-2,8,-4,75,6,0,20,-96,21,62   ,31/12/2013
10,Jeur,30,-3,12,-1,53,-10,0,0,0,0,62   ,01/02/2014
10,Jeur,-,-,15,-,75,19,0,0,0,TR,62   ,01/03/2014
10,Jeur,-,-,22,3,60,7,0,15,12,2,62   ,01/04/2014
10,Jeur,36,2,23,2,80,1,0,130,23,17.0,62   ,01/07/2014
10,Jeur,29,-3,23,2,85,-7,0,181,-23,2,62   ,01/08/2014
9,Jeur,-,-,22,-,90,5,10,-,-,-,62   ,01/09/2014
10,Jeur,34,1,22,2,50,-33,0,0,-4,35,62   ,01/10/2014
9,Jeur,32,0,17,0,55,-14,0,20,-60,37,62   ,01/11/2014
10,Jeur,31,0,11,-4,65,-3,0,22,-86,37,62   ,01/12/2014
10,Jeur,29,-2,9,-3,75,8,0,0,0,0,62   ,02/01/2014
10,Jeur,30,-3,13,0,58,-5,0,0,-1,0,62   ,02/02/2014
9,Jeur,30,-7,-,-,-,-,0,0,0,TR,62   ,02/03/2014
10,Jeur,38,-1,19,0,43,-13,0,15,12,2,62   ,02/04/2014
10,Jeur,36,3,24,3,70,-9,0,130,20,17,62   ,02/07/2014
10,Jeur,32,0,23,2,80,-2,0,181,-25,22,62   ,02/08/2014
10,Jeur,27,-4,-,,-,-,-,-,-,-,62   ,02/09/2014
10,Jeur,34,1,-,,-,-,-,-,-,-,62   ,02/10/2014
8,Jeur,32,0,17,0,45,-9,0,20,-60,37.0,62   ,02/11/2014
10,Jeur,30,-1,13,-1,52,-15,0,22,-86,37,62   ,02/12/2014
11,Jeur,29,-2,-,,-,-,-,-,-,-,62   ,03/01/2014
10,Jeur,31,-2,12,-1,50,-13,0,0,-1,0,62   ,03/02/2014
9,Jeur,31,-6,15,-1,53,-1,0,0,0,TR,62   ,03/03/2014
10,Jeur,38,-2,18,-1,40,-13,0,15,12,2,62   ,03/04/2014
8,Jeur,40,1,23,1,95,23,10,10,1,5,62   ,03/06/2014
10,Jeur,36,2,23,2,70,-9,0,130,17,17,62   ,03/07/2014
10,Jeur,31,-1,24,3,85,-3,0,181,-29,22,62   ,03/08/2014
9,Jeur,31,-2,22,3,75,-7,0,293,-22,33,62   ,03/09/2014
10,Jeur,33,0,22,3,65,-15,0,0,-15,35,62   ,03/10/2014
9,Jeur,-,-,16,-,55,-18,0,20,-60,37,62   ,03/11/2014
9,Jeur,31,0,14,0,-,-,0,22,-86,37,62   ,03/12/2014
10,Jeur,-,-,9,-,55,-12,0,0,0,0,62   ,04/01/2014
10,Jeur,-,-,14,1,53,-10,0,0,-1,0,62   ,04/02/2014
9,Jeur,32,-5,16,0,85,31,5,5,5,1,62   ,04/03/2014
10,Jeur,-,-,20,-,55,2,0,15,12,2,62   ,04/04/2014
10,Jeur,31,-8,24,2,85,21,20,30,20,7,62   ,04/06/2014
10,Jeur,32,0,23,3,80,-6,0,181,-33,22,62   ,04/08/2014
10,Jeur,-,-,21,-,65,-15,0,0,-19,35.0,62   ,04/10/2014
9,Jeur,33,0,17,0,-,-,0,20,-62,37,62   ,04/11/2014
10,Jeur,30,-1,14,0,53,-14,0,22,-86,37.0,62   ,04/12/2014
10,Jeur,30,-1,-,,-,-,-,-,-,-,62   ,05/01/2014
10,Jeur,32,-2,14,1,47,-12,0,0,-1,0,62   ,05/02/2014
10,Jeur,-,-,16,0,75,21,0,5,5,1,62   ,05/03/2014
10,Jeur,39,1,-,,-,-,-,-,-,-,62   ,05/04/2014
10,Jeur,37,-2,23,2,85,7,60,90,72,13,62   ,05/06/2014
7,Jeur,32,2,22,0,85,-5,0,85,-141,14,62   ,05/07/2014
10,Jeur,29,-2,23,3,91,5,1,183,-34,22.0,62   ,05/08/2014
9,Jeur,33,0,16,-1,55,-14,0,20,-62,37,62   ,05/11/2014
9,Jeur,31,0,13,-1,51,-16,0,22,-86,37,62   ,05/12/2014
10,Jeur,29,-2,8,-4,65,-2,0,0,0,0.0,62   ,06/01/2014
10,Jeur,32,-2,14,1,53,-6,0,0,-1,0,62   ,06/02/2014
10,Jeur,30,-7,18,2,75,21,0,5,5,1,62   ,06/03/2014
10,Jeur,35,-3,23,2,80,2,40,130,106,17,62   ,06/06/2014
10,Jeur,35,2,24,4,80,-1,0,130,9,17,62   ,06/07/2014
10,Jeur,29,-,22,-,85,-1,0,183,-36,22.0,62   ,06/08/2014
10,Jeur,30,-3,22,3,95,13,0,293,-29,33.0,62   ,06/09/2014
10,Jeur,33,0,16,-1,57,-12,0,20,-63,37,62   ,06/11/2014
10,Jeur,31,0,12,-2,52,-15,0,22,-86,37.0,62   ,06/12/2014
10,Jeur,30,-1,9,-3,65,-2,0,0,0,0,62   ,07/01/2014
10,Jeur,33,-1,14,1,60,1,0,0,-1,0,62   ,07/02/2014
10,Jeur,-,-,19,2,70,21,0,5,5,1,62   ,07/03/2014
10,Jeur,-,-,23,2,60,8,0,15,9,2,62   ,07/04/2014
10,Jeur,-,-,25,-,65,9,0,23,6,2,62   ,07/05/2014
9,Jeur,37,-1,22,1,80,2,0,130,100,17,62   ,07/06/2014
10,Jeur,-,-,24,-,85,4,40,170,47,21,62   ,07/07/2014
10,Jeur,31,-1,22,2,82,-4,0,183,-40,22.0,62   ,07/08/2014
10,Jeur,30,-3,22,3,95,13,0,293,-31,33.0,62   ,07/09/2014
9,Jeur,33,0,16,0,50,-19,0,20,-67,37.0,62   ,07/11/2014
9,Jeur,30,-1,13,0,47,-20,0,22,-86,37,62   ,07/12/2014
10,Jeur,-,-,8,-,75,8,0,0,0,0,62   ,08/01/2014
10,Jeur,-,-,13,-,43,-16,0,0,-1,0,62   ,08/02/2014
10,Jeur,32,-5,19,2,70,18,0,5,5,1,62   ,08/03/2014
10,Jeur,40,-1,20,-1,55,3,0,15,9,2,62   ,08/04/2014
10,Jeur,39,-3,24,1,95,39,0,23,6,2,62   ,08/05/2014
10,Jeur,35,-3,-,,-,-,-,-,-,-,62   ,08/06/2014
10,Jeur,-,-,22,-,85,4,6,176,51,21,62   ,08/07/2014
10,Jeur,32,0,22,2,80,-6,0,183,-43,22.0,62   ,08/08/2014
10,Jeur,-,-,21,-,80,-5,0,293,-32,33,62   ,08/09/2014
10,Jeur,34,1,-,,-,-,-,-,-,-,62   ,08/10/2014
10,Jeur,33,1,17,1,48,-21,0,20,-69,37,62   ,08/11/2014
10,Jeur,-,-,11,-,51,-16,0,22,-86,37,62   ,08/12/2014
11,Jeur,-,-,11,-,50,-17,0,0,0,0,62   ,09/01/2014
10,Jeur,34,0,14,1,49,-10,0,0,-1,0,62   ,09/02/2014
9,Jeur,-,-,20,-,70,18,0,5,4,1,62   ,09/03/2014
10,Jeur,39,-2,20,-3,55,11,0,15,9,2,62   ,09/04/2014
10,Jeur,35,-7,22,-1,83,27,0,23,5,2,62   ,09/05/2014
10,Jeur,-,-,24,-,80,2,0,130,92,17,62   ,09/06/2014
9,Jeur,-,-,22,-,95,-,-,-,-,-,62   ,09/07/2014
10,Jeur,31,-1,22,2,85,0,0,183,-46,22.0,62   ,09/08/2014
10,Jeur,29,-3,-,,-,-,-,-,-,-,62   ,09/09/2014
11,Jeur,33,-1,22,3,70,-6,0,0,-38,35,62   ,09/10/2014
9,Jeur,32,0,17,1,50,-19,0,20,-69,37.0,62   ,09/11/2014
10,Jeur,31,0,14,1,58,-9,0,22,-86,37,62   ,09/12/2014
11,Jeur,31,0,09,-3,65,-2,0,0,0,0,62   ,10/01/2014
10,Jeur,34,0,14,1,50,-9,0,0,-2,0,62   ,10/02/2014
10,Jeur,-,-,18,-,85,33,10,15,14,2,62   ,10/03/2014
10,Jeur,39,-2,20,-1,60,8,0,15,8,2,62   ,10/04/2014
10,Jeur,35,-7,23,0,77,21,0,3,5,2,62   ,10/05/2014
10,Jeur,31,0,-,,-,-,-,-,-,-,62   ,10/08/2014
10,Jeur,31,-1,22,3,80,-5,0,293,-42,33,62   ,10/09/2014
10,Jeur,33,-1,22,3,65,-11,0,0,-42,35,62   ,10/10/2014
9,Jeur,32,1,15,2,53,-14,0,22,-86,37.0,62   ,10/12/2014
10,Jeur,-,-,12,-1,43,-16,0,0,-2,0,62   ,11/02/2014
10,Jeur,31,-6,18,1,70,18,0,15,14,2,62   ,11/03/2014
10,Jeur,-,-,20,-,50,-4,0,15,8,2,62   ,11/04/2014
10,Jeur,-,-,23,0,77,19,0,23,5,2,62   ,11/05/2014
10,Jeur,36,-1,24,3,65,-9,0,130,90,17,62   ,11/06/2014
10,Jeur,31,-1,22,3,80,-5,0,293,-45,33,62   ,11/09/2014
10,Jeur,33,-1,22,3,52,-19,0,0,-43,35.0,62   ,11/10/2014
9,Jeur,34,2,20,4,91,22,1,21,-71,37.0,62   ,11/11/2014
10,Jeur,33,2,17,4,83,16,0,22,-87,37.0,62   ,11/12/2014
9,Jeur,32,-2,13,0,43,-16,0,0,-2,0,62   ,12/02/2014
11,Jeur,33,-4,19,1,70,19,0,-,-,-,62   ,12/03/2014
10,Jeur,38,-3,19,-3,37,-17,0,15,8,2,62   ,12/04/2014
11,Jeur,37,-5,22,-1,65,7,0,23,5,2,62   ,12/05/2014
10,Jeur,-,-,22,2,85,5,0,176,38,21,62   ,12/07/2014
10,Jeur,-,-,23,-,80,-5,0,183,-52,22,62   ,12/08/2014
10,Jeur,32,0,21,2,80,-5,0,293,-52,33.0,62   ,12/09/2014
10,Jeur,34,0,22,3,57,-19,0,0,-46,35.0,62   ,12/10/2014
9,Jeur,32,0,19,3,75,5,0,21,-72,37,62   ,12/11/2014
10,Jeur,30,-8,20,2,60,9,0,15,14,2,62   ,13/03/2014
10,Jeur,-,-,19,-,42,-12,0,15,7,2,62   ,13/04/2014
10,Jeur,37,-5,23,0,65,7,0,23,4,2,62   ,13/05/2014
10,Jeur,32,1,22,2,80,-5,0,183,-56,22,62   ,13/08/2014
10,Jeur,34,0,20,2,57,-18,0,0,-49,35.0,62   ,13/10/2014
10,Jeur,32,1,12,0,70,3,0,-,-,-,62   ,14/01/2014
10,Jeur,-,-,13,-,65,6,0,0,-2,0,62   ,14/02/2014
10,Jeur,34,-4,19,1,50,-1,0,15,14,2,62   ,14/03/2014
10,Jeur,39,-2,19,-3,37,-17,0,15,7,2,62   ,14/04/2014
10,Jeur,35,-2,24,3,70,-4,0,130,77,17,62   ,14/06/2014
10,Jeur,-,-,22,2,70,-10,0,176,34,21.0,62   ,14/07/2014
10,Jeur,32,1,22,1,80,-8,0,183,-57,22,62   ,14/08/2014
9,Jeur,32,0,21,5,83,13,0,21,-75,37.0,62   ,14/11/2014
10,Jeur,31,0,12,0,60,-7,0,0,0,0.0,62   ,15/01/2014
10,Jeur,-,-,13,-,55,-3,0,0,-2,0,62   ,15/02/2014
10,Jeur,35,-3,17,-1,50,-1,0,15,14,2,62   ,15/03/2014
10,Jeur,39,-2,20,-2,55,1,0,15,6,2,62   ,15/04/2014
10,Jeur,36,-,25,-,65,-14,0,130,73,17,62   ,15/06/2014
10,Jeur,31,-2,22,2,80,-2,0,176,32,21,62   ,15/07/2014
10,Jeur,-,-,22,-,80,-2,0,293,-62,33.0,62   ,15/09/2014
9,Jeur,28,-,20,-,83,13,1,22,-74,37.0,62   ,15/11/2014
10,Jeur,-,-,14,-,57,-1,0,22,-90,37.0,62   ,15/12/2014
10,Jeur,-,-,14,-,65,0,0,0,0,0.0,62   ,16/01/2014
10,Jeur,31,-4,-,,-,-,-,-,-,-,62   ,16/02/2014
10,Jeur,35,-3,19,1,52,1,0,15,14,2,62   ,16/03/2014
10,Jeur,35,0,23,2,60,1,0,130,70,17,62   ,16/06/2014
9,Jeur,30,-3,21,1,80,-2,0,176,27,21,62   ,16/07/2014
10,Jeur,-,-,22,-,80,-5,0,183,-62,22,62   ,16/08/2014
9,Jeur,-,-,23,-,80,-2,0,293,-68,33.0,62   ,16/09/2014
8,Jeur,-,-,20,-,85,9,20,20,-34,37,62   ,16/10/2014
9,Jeur,-,-,20,-,75,5,TR,22,-75,37.0,62   ,16/11/2014
10,Jeur,30,0,12,-1,55,-13,0,22,-90,37.0,62   ,16/12/2014
10,Jeur,31,-1,11,-2,75,10,0,0,0,0,62   ,17/01/2014
10,Jeur,-,-,11,-,40,-18,0,0,-2,0,62   ,17/02/2014
10,Jeur,34,-4,-,,-,-,-,-,-,-,62   ,17/03/2014
10,Jeur,40,-1,20,-2,50,-3,5,20,11,2,62   ,17/04/2014
10,Jeur,35,0,24,3,70,-9,0,130,67,17,62   ,17/06/2014
10,Jeur,29,-4,22,2,80,-2,0,176,24,21.0,62   ,17/07/2014
9,Jeur,-,-,20,-,85,14,0,22,-76,37,62   ,17/11/2014
10,Jeur,31,1,12,0,54,-13,0,22,-91,37.0,62   ,17/12/2014
10,Jeur,-,-,10,-3,75,10,0,0,-1,0,62   ,18/01/2014
10,Jeur,30,-5,-,,-,-,-,-,-,-,62   ,18/02/2014
10,Jeur,-,-,19,-,55,4,0,15,14,2,62   ,18/03/2014
10,Jeur,-,-,21,-1,50,-3,0,20,11,2,62   ,18/04/2014
10,Jeur,35,0,-,,-,-,-,-,-,-,62   ,18/06/2014
10,Jeur,31,-2,22,2,85,3,0,176,21,21.0,62   ,18/07/2014
10,Jeur,-,-,22,-,80,5,0,183,-67,22,62   ,18/08/2014
10,Jeur,33,0,23,3,80,-4,0,293,-91,33.0,62   ,18/09/2014
9,Jeur,34,0,-,,-,-,-,-,-,-,62   ,18/10/2014
9,Jeur,31,0,21,5,83,12,0,22,-76,37,62   ,18/11/2014
10,Jeur,30,-1,11,-1,-,-,0,22,-91,37.0,62   ,18/12/2014
10,Jeur,32,0,14,1,74,9,0,0,-1,0,62   ,19/01/2014
10,Jeur,31,-4,12,-2,50,-8,0,0,-2,0,62   ,19/02/2014
10,Jeur,36,-3,22,4,50,-1,0,15,14,2,62   ,19/03/2014
10,Jeur,-,-,23,0,55,-7,0,23,-1,2,62   ,19/05/2014
10,Jeur,35,0,25,4,70,-9,0,130,63,17,62   ,19/06/2014
10,Jeur,31,-2,22,2,80,-2,0,176,16,21.0,62   ,19/07/2014
9,Jeur,-,-,22,-,80,-4,0,183,-70,22.0,62   ,19/08/2014
10,Jeur,32,-1,22,2,80,-4,0,293,-97,33.0,62   ,19/09/2014
9,Jeur,32,-1,21,3,65,-7,0,20,-41,37.0,62   ,19/10/2014
8,Jeur,-,-,20,4,83,13,0,146,10,91.0,62   ,19/11/2014
9,Jeur,28,-3,10,-2,40,-27,0,22,-91,37.0,62   ,19/12/2014
10,Jeur,31,-1,12,-1,90,25,0,0,-1,0,62   ,20/01/2014
10,Jeur,32,-3,18,,45,-,0,0,-2,0,62   ,20/02/2014
10,Jeur,37,-2,20,2,43,-8,0,15,14,2,62   ,20/03/2014
10,Jeur,38,-3,-,,-,-,-,-,-,-,62   ,20/04/2014
10,Jeur,39,-2,24,1,65,3,0,23,-2,2,62   ,20/05/2014
10,Jeur,33,-2,24,3,70,-7,0,130,57,17,62   ,20/06/2014
10,Jeur,32,-1,22,2,77,-5,0,176,11,21,62   ,20/07/2014
10,Jeur,-,-,23,3,85,1,20,-,-,-,62   ,20/08/2014
11,Jeur,32,-1,22,2,95,11,20,313,-81,35.0,62   ,20/09/2014
9,Jeur,-,-,21,-,65,-7,0,20,-46,37.0,62   ,20/10/2014
9,Jeur,31,0,15,-1,60,-11,0,22,-78,37.0,62   ,20/11/2014
10,Jeur,29,-,12,-,65,-2,0,22,-92,37.0,62   ,20/12/2014
10,Jeur,32,0,11,-2,70,5,0,0,-1,0,62   ,21/01/2014
10,Jeur,32,-3,18,3,60,1,0,0,-2,0,62   ,21/02/2014
10,Jeur,39,-2,22,-1,55,0,0,20,10,2,62   ,21/04/2014
10,Jeur,39,-2,25,2,65,3,0,23,-3,2,62   ,21/05/2014
10,Jeur,-,-,23,-,80,3,0,130,54,17.0,62   ,21/06/2014
10,Jeur,-,-,21,-,80,-2,0,176,9,21.0,62   ,21/07/2014
11,Jeur,30,-3,22,-2,85,1,0,312,-87,35.0,62   ,21/09/2014
8,Jeur,-,-,20,-,55,-17,0,20,-47,37,62   ,21/10/2014
9,Jeur,30,-1,15,-1,60,-11,0,22,-78,37.0,62   ,21/11/2014
8,Jeur,28,-3,12,0,65,-2,0,22,-91,37.0,62   ,21/12/2014
10,Jeur,30,-2,11,-2,70,5,0,0,-1,0,62   ,22/01/2014
9,Jeur,33,-2,19,4,60,1,0,0,-2,0,62   ,22/02/2014
10,Jeur,38,-1,-,-,-,-,-,-,-,-,62   ,22/03/2014
10,Jeur,38,-2,23,0,60,5,0,20,10,2,62   ,22/04/2014
10,Jeur,40,-1,24,2,65,2,0,23,-3,2,62   ,22/05/2014
10,Jeur,33,-2,24,3,80,3,0,20,-58,9,62   ,22/06/2014
10,Jeur,30,-3,22,2,95,13,0,176,5,21,62   ,22/07/2014
10,Jeur,-,-,22,-,78,-6,0,313,-95,35,62   ,22/09/2014
9,Jeur,33,0,20,2,55,-17,0,20,-48,37,62   ,22/10/2014
9,Jeur,31,0,14,-1,55,-14,0,22,-78,37.0,62   ,22/11/2014
10,Jeur,-,-,10,-,45,-21,0,22,-91,37,62   ,22/12/2014
10,Jeur,31,-1,-,,-,-,-,-,-,-,62   ,23/01/2014
8,Jeur,31,-4,19,4,55,-4,0,0,-2,0,62   ,23/02/2014
10,Jeur,38,-1,-,,-,-,-,-,-,-,62   ,23/03/2014
10,Jeur,40,-1,23,0,60,5,0,20,10,2,62   ,23/04/2014
11,Jeur,40,-1,23,1,60,-3,0,23,-4,2,62   ,23/05/2014
10,Jeur,33,-2,23,2,70,-7,0,130,44,17.0,62   ,23/06/2014
10,Jeur,-,-,22,-,95,13,0,176,2,21,62   ,23/07/2014
10,Jeur,33,1,23,1,71,-14,0,313,-99,35,62   ,23/09/2014
9,Jeur,34,1,-,,-,-,-,-,-,-,62   ,23/10/2014
10,Jeur,29,-2,10,-3,45,-21,0,22,-92,37.0,62   ,23/12/2014
10,Jeur,-,-,16,-,75,10,0,0,-1,0,62   ,24/01/2014
9,Jeur,-,-,18,-,55,-4,0,0,-3,0,62   ,24/02/2014
10,Jeur,-,-,19,0,37,-13,0,15,13,2,62   ,24/03/2014
10,Jeur,39,-2,24,1,63,8,0,20,10,2,62   ,24/04/2014
10,Jeur,40,-1,23,1,60,-3,0,23,-6,2,62   ,24/05/2014
10,Jeur,34,-1,23,2,70,-7,0,130,42,17,62   ,24/06/2014
10,Jeur,27,-6,21,1,80,-2,0,176,-3,21.0,62   ,24/07/2014
9,Jeur,-,-,22,-,71,-14,0,313,-107,35,62   ,24/09/2014
9,Jeur,-,-,19,-,55,-18,0,20,-51,37,62   ,24/10/2014
9,Jeur,31,0,16,1,67,-2,0,22,-81,373.0,62   ,24/11/2014
9,Jeur,-,-,10,-,65,-1,0,22,-92,37.0,62   ,24/12/2014
10,Jeur,29,-3,19,6,74,9,0,0,-1,0,62   ,25/01/2014
9,Jeur,34,-2,17,2,55,-1,0,0,-3,-,62   ,25/02/2014
10,Jeur,37,-2,-,-,-,-,-,-,-,-,62   ,25/03/2014
10,Jeur,40,-1,23,0,50,-5,0,20,9,2,62   ,25/04/2014
10,Jeur,34,-1,23,2,70,-9,0,130,37,17,62   ,25/06/2014
10,Jeur,31,-2,22,2,80,-2,0,176,-7,21,62   ,25/07/2014
10,Jeur,-,-,22,-,95,11,25,227,-48,27,62   ,25/08/2014
9,Jeur,31,0,14,-1,60,-9,0,22,-81,37,62   ,25/11/2014
9,Jeur,30,-1,10,-3,65,-1,0,22,-92,37.0,62   ,25/12/2014
9,Jeur,34,-2,17,2,55,-1,0,0,-3,0,62   ,26/02/2014
10,Jeur,37,-2,-,,-,-,-,-,-,-,62   ,26/03/2014
10,Jeur,40,-1,23,0,50,-7,0,20,9,2,62   ,26/04/2014
10,Jeur,40,-1,24,2,64,0,0,23,-14,2,62   ,26/05/2014
10,Jeur,35,1,24,3,70,-9,0,130,36,17.0,62   ,26/06/2014
10,Jeur,32,-1,22,2,80,-2,0,176,-10,21,62   ,26/07/2014
10,Jeur,31,-1,22,2,85,1,0,227,-51,27,62   ,26/08/2014
10,Jeur,-,-,21,-,55,-30,0,313,-122,35,62   ,26/09/2014
10,Jeur,31,0,14,-1,60,-9,0,22,-82,37,62   ,26/11/2014
9,Jeur,-,-,12,-,99,29,0,22,-92,37.0,62   ,26/12/2014
10,Jeur,-,-,14,1,55,-9,0,0,-1,0,62   ,27/01/2014
9,Jeur,-,-,18,3,65,9,1,1,-2,TR,62   ,27/02/2014
10,Jeur,40,-1,23,0,53,-4,0,20,8,2,62   ,27/04/2014
10,Jeur,40,-1,26,4,70,6,0,23,-16,2,62   ,27/05/2014
10,Jeur,36,2,23,2,65,-14,0,130,32,17,62   ,27/06/2014
10,Jeur,-,-,22,-,85,3,0,176,-14,21,62   ,27/07/2014
10,Jeur,31,-1,22,2,90,6,10,237,-42,28,62   ,27/08/2014
10,Jeur,34,1,20,1,50,-35,0,313,-128,35.0,62   ,27/09/2014
9,Jeur,-,-,19,-,85,12,0,20,-57,37,62   ,27/10/2014
10,Jeur,31,0,14,-1,57,-11,0,22,-83,37,62   ,27/11/2014
9,Jeur,-,-,11,-,50,19,0,22,-93,37,62   ,27/12/2014
10,Jeur,29,-4,12,-1,65,1,0,0,-1,0,62   ,28/01/2014
10,Jeur,40,-1,25,2,65,8,0,20,8,2,62   ,28/04/2014
10,Jeur,37,-4,24,2,80,16,15,38,-2,4,62   ,28/05/2014
10,Jeur,36,2,23,2,70,-9,0,130,31,17,62   ,28/06/2014
10,Jeur,27,5,22,2,90,6,40,277,-8,32.0,62   ,28/08/2014
10,Jeur,34,1,21,1,55,-33,0,312,-134,35,62   ,28/09/2014
9,Jeur,27,-6,18,1,75,6,0,20,-57,37.0,62   ,28/10/2014
10,Jeur,30,-1,12,-3,60,-8,0,22,-85,37.0,62   ,28/11/2014
9,Jeur,27,-4,12,0,45,-24,0,22,-93,37.0,62   ,28/12/2014
10,Jeur,31,-2,-,,-,-,-,-,-,-,62   ,29/01/2014
10,Jeur,-,-,20,1,51,-1,0,-,-,-,62   ,29/03/2014
10,Jeur,-,-,24,-,65,8,1,23,10,2,62   ,29/04/2014
10,Jeur,37,-4,24,2,70,6,0,38,-4,4,62   ,29/05/2014
10,Jeur,36,2,-,,-,-,-,-,-,-,62   ,29/06/2014
10,Jeur,29,-4,23,2,85,3,0,181,-14,22,62   ,29/07/2014
10,Jeur,29,-3,22,3,95,10,0,277,-10,32.0,62   ,29/08/2014
9,Jeur,31,-1,17,0,60,-9,0,20,-57,37,62   ,29/10/2014
10,Jeur,31,0,14,-1,52,-16,0,22,-85,37,62   ,29/11/2014
9,Jeur,-,-,10,-,52,-17,0,22,-93,37.0,62   ,29/12/2014
10,Jeur,30,-3,13,0,43,-21,0,0,-1,0,62   ,30/01/2014
10,Jeur,38,-1,20,1,50,-3,0,-,-,-,62   ,30/03/2014
10,Jeur,39,-2,24,1,70,13,0,23,10,2,62   ,30/04/2014
8,Jeur,-,-,24,-,70,-9,0,130,28,17.0,62   ,30/06/2014
10,Jeur,-,-,22,-1,95,13,0,181,-16,22,62   ,30/07/2014
10,Jeur,-,-,22,3,95,10,5,283,-7,32.0,62   ,30/08/2014
10,Jeur,33,0,21,1,40,-43,0,313,-145,35,62   ,30/09/2014
10,Jeur,32,0,17,0,60,-9,0,20,-57,37.0,62   ,30/10/2014
9,Jeur,31,0,15,0,50,-18,0,22,-,37,62   ,30/11/2014
9,Jeur,30,-1,12,0,55,-14,0,22,-93,37.0,62   ,30/12/2014
9,Jeur,30,-3,13,0,65,2,0,0,-1,0,62   ,31/01/2014
9,Jeur,39,0,21,2,53,0,0,-,-,-,62   ,31/03/2014
10,Jeur,37,-4,23,1,55,-17,0,39,-4,4,62   ,31/05/2014
10,Jeur,30,-2,24,3,95,13,0,181,-21,22,62   ,31/07/2014
10,Jeur,-,-,17,-,50,-19,0,20,-59,37.0,62   ,31/10/2014
8,Jeur,28,-3,18,6,73,6,0,0,0,0,62   ,01/01/2015
9,Jeur,31,-2,15,2,58,-5,0,0,-1,0,62   ,01/02/2015
10,Jeur,34,-,-,-,-,-,-,-,-,-,62   ,01/03/2015
10,Jeur,39,-1,18,-3,32,-21,0,5,2,1.0,62   ,01/04/2015
9,Jeur,41,-1,24,2,65,10,0,8,-6,1,62   ,01/05/2015
9,Jeur,-,-,23,2,70,-9,0,35,-76,9,62   ,01/07/2015
10,Jeur,33,1,22,1,80,-02,0,32,-172,9,62   ,01/08/2015
10,Jeur,35,2,23,0,71,-14,0,49,-253,11.0,62   ,01/09/2015
9,Jeur,34,2,21,4,65,-4,0,14,-66,15.0,62   ,01/11/2015
8,Jeur,33,2,22,7,75,7,0,19,-89,16.0,62   ,01/12/2015
7,Jeur,28,-3,13,1,100,33,0,0,0,0,62   ,02/01/2015
10,Jeur,-,-,15,-,60,-3,0,0,-1,0,62   ,02/02/2015
10,Jeur,-,-,16,-,85,31,5,5,5,1.0,62   ,02/03/2015
9,Jeur,40,-1,22,0,55,0,0,8,-6,1.0,62   ,02/05/2015
10,Jeur,36,-3,23,1,70,-2,0,0,-5,6.0,62   ,02/06/2015
9,Jeur,34,0,23,2,85,6,0,31,-79,9.0,62   ,02/07/2015
9,Jeur,34,2,23,2,70,-12,0,32,-174,9.0,62   ,02/08/2015
10,Jeur,35,3,21,2,65,-20,0,49,-263,11.0,62   ,02/09/2015
10,Jeur,34,3,23,9,70,3,0,19,-89,16.0,62   ,02/12/2015
10,Jeur,26,-5,17,5,90,23,0,0,0,0,62   ,03/01/2015
10,Jeur,-,-,16,-,70,7,0,0,-1,0,62   ,03/02/2015
10,Jeur,30,-7,15,-1,75,21,0,5,5,1.0,62   ,03/03/2015
9,Jeur,-,-,23,-,55,0,0,8,-7,1.0,62   ,03/05/2015
10,Jeur,37,-2,23,1,70,-2,0,0,-9,6,62   ,03/06/2015
9,Jeur,-,-,23,-,85,6,0,31,-82,9,62   ,03/07/2015
10,Jeur,-,-,22,-,80,-2,0,32,-179,9.0,62   ,03/08/2015
10,Jeur,-,-,21,2,70,-12,0,49,-265,11.0,62   ,03/09/2015
8,Jeur,-,-,21,-,80,0,3,3,-12,14.0,62   ,03/10/2015
10,Jeur,34,1,21,4,57,-12,0,14,-66,15,62   ,03/11/2015
10,Jeur,34,3,21,7,70,3,0,19,-89,16.0,62   ,03/12/2015
9,Jeur,30,-1,18,6,90,23,0,0,0,0,62   ,04/01/2015
10,Jeur,32,-1,17,4,70,7,0,0,-1,0,62   ,04/02/2015
10,Jeur,29,-7,14,-2,70,16,0,5,5,1,62   ,04/03/2015
9,Jeur,-,-,19,-,46,-7,0,-,-,-,62   ,04/04/2015
8,Jeur,41,0,23,1,55,0,0,8,-8,1.0,62   ,04/05/2015
9,Jeur,38,-1,24,2,70,-2,0,0,-10,6,62   ,04/06/2015
10,Jeur,35,1,-,,-,-,-,-,-,-,62   ,04/07/2015
10,Jeur,34,-,22,-,95,9,0,32,-182,9,62   ,04/08/2015
10,Jeur,35,2,22,3,70,-12,0,49,-269,11,62   ,04/09/2015
9,Jeur,32,-1,22,3,70,-10,1,4,-15,15,62   ,04/10/2015
10,Jeur,34,1,22,5,55,14,0,14,-68,15.0,62   ,04/11/2015
10,Jeur,32,1,20,6,55,-12,0,19,-89,16.0,62   ,04/12/2015
10,Jeur,-,-,16,4,75,8,0,0,0,0,62   ,05/01/2015
10,Jeur,-,-,13,-,65,6,0,0,-1,0,62   ,05/02/2015
10,Jeur,-,-,15,-,60,6,0,5,5,1.0,62   ,05/03/2015
9,Jeur,38,-2,20,-1,50,-3,0,-,-,-,62   ,05/04/2015
10,Jeur,39,0,24,2,80,2,0,0,-18,6.0,62   ,05/06/2015
9,Jeur,35,1,-,,-,-,0,31,-87,9.0,62   ,05/07/2015
10,Jeur,35,2,22,3,70,-12,0,49,-270,11,62   ,05/09/2015
8,Jeur,-,-,20,-,85,5,10,14,-8,15.0,62   ,05/10/2015
10,Jeur,35,2,22,5,55,-14,0,14,-68,16.0,62   ,05/11/2015
10,Jeur,32,1,20,6,60,-7,0,19,-89,16.0,62   ,05/12/2015
9,Jeur,29,-2,14,2,82,15,0,0,0,0,62   ,06/01/2015
9,Jeur,31,-3,13,0,43,16,0,0,-1,0,62   ,06/02/2015
9,Jeur,33,-4,16,0,60,6,0,5,5,1,62   ,06/03/2015
10,Jeur,-,-,20,-,60,8,0,5,0,1,62   ,06/04/2015
10,Jeur,35,2,23,3,80,-1,0,31,-90,9.0,62   ,06/07/2015
10,Jeur,28,-4,21,1,95,9,0,37,-182,9.0,62   ,06/08/2015
10,Jeur,36,3,23,4,75,-7,0,49,-273,11,62   ,06/09/2015
10,Jeur,32,-1,21,2,55,-25,0,14,-11,155.0,62   ,06/10/2015
9,Jeur,35,2,21,4,50,-19,0,14,-69,15.0,62   ,06/11/2015
10,Jeur,31,0,19,5,55,-12,0,19,-89,16,62   ,06/12/2015
10,Jeur,29,-2,14,2,60,-7,0,0,0,0,62   ,07/01/2015
10,Jeur,32,-2,14,1,55,-4,0,0,-1,0,62   ,07/02/2015
10,Jeur,33,-4,16,-1,40,-12,0,5,5,1,62   ,07/03/2015
10,Jeur,38,-3,21,0,43,21,0,5,0,1,62   ,07/04/2015
10,Jeur,35,-3,24,3,78,0,0,1,-29,6.0,62   ,07/06/2015
10,Jeur,34,1,23,3,80,-1,0,31,-92,9,62   ,07/07/2015
10,Jeur,-,-,21,1,84,-02,0,37,-185,9.0,62   ,07/08/2015
10,Jeur,-,-,23,-,80,-2,0,49,-274,11.0,62   ,07/09/2015
10,Jeur,33,0,19,0,60,-20,0,14,-13,16.0,62   ,07/10/2015
10,Jeur,-,-,17,-,59,-8,0,19,-90,16,62   ,07/12/2015
10,Jeur,29,-2,12,0,50,-17,0,0,0,0,62   ,08/01/2015
9,Jeur,32,-2,15,2,47,-12,0,0,-1,0,62   ,08/02/2015
10,Jeur,38,-3,23,2,60,8,0,5,-1,1,62   ,08/04/2015
10,Jeur,-,-,23,-,80,2,1,20,-15,8,62   ,08/06/2015
10,Jeur,34,1,23,3,80,-1,0,31,-94,9.0,62   ,08/07/2015
9,Jeur,33,1,23,3,80,-6,0,37,-189,9.0,62   ,08/08/2015
10,Jeur,31,-1,22,-3,90,-5,0,49,-276,11.0,62   ,08/09/2015
10,Jeur,34,1,19,0,60,-16,0,14,-17,15.0,62   ,08/10/2015
9,Jeur,33,1,-,,-,-,-,-,-,-,62   ,08/11/2015
10,Jeur,-,-,18,5,60,-7,0,19,-89,16.0,62   ,08/12/2015
10,Jeur,30,-1,-,,-,-,-,-,-,-,62   ,09/01/2015
10,Jeur,-,-,15,-,53,-6,0,0,-1,0,62   ,09/02/2015
10,Jeur,35,-3,23,2,85,7,1,21,-17,8.0,62   ,09/06/2015
10,Jeur,34,1,23,3,70,-11,0,31,-98,9,62   ,09/07/2015
9,Jeur,33,2,23,3,80,-5,0,37,-191,10,62   ,09/08/2015
10,Jeur,30,-2,23,4,80,-5,0,49,-278,107,62   ,09/09/2015
10,Jeur,33,-1,20,1,58,-18,0,14,-24,15,62,09/10/2015
10,Jeur,31,0,18,5,55,-12,0,19,-90,16,62   ,09/12/2015
10,Jeur,-,-,10,-,45,-22,0,0,0,0,62   ,10/01/2015
10,Jeur,33,-1,15,2,45,-14,0,0,-2,0,62   ,10/02/2015
10,Jeur,35,1,17,1,75,23,0,5,4,1,62   ,10/03/2015
10,Jeur,39,-2,23,2,65,13,0,5,-2,1,62   ,10/04/2015
10,Jeur,34,-3,23,-2,80,6,0,21,-19,8.0,62   ,10/06/2015
9,Jeur,35,8,24,4,85,5,0,31,-101,9.0,62   ,10/07/2015
10,Jeur,-,-,22,2,77,8,0,37,-194,9.0,62   ,10/08/2015
10,Jeur,-,-,21,2,80,-5,9,59,-276,12.0,62   ,10/09/2015
10,Jeur,34,0,21,2,71,-5,0,14,-28,16.0,62   ,10/10/2015
10,Jeur,33,1,-,,-,-,0,14,-76,15.0,62   ,10/11/2015
10,Jeur,32,1,20,7,60.0,-7,0,19,-89,16,62   ,10/12/2015
9,Jeur,29,-2,9,-3,55,-12,0,0,0,0,62   ,11/01/2015
10,Jeur,32,-2,18,5,55,-4,0,0,-2,0,62   ,11/02/2015
10,Jeur,34,-3,20,3,75,23,0,5,4,1.0,62   ,11/03/2015
10,Jeur,37,-4,24,2,85,31,0,5,-2,1,62   ,11/04/2015
10,Jeur,35,-2,23,2,85,11,0,21,-19,8.0,62   ,11/06/2015
10,Jeur,33,0,23,3,80,0,0,31,-105,9.0,62   ,11/07/2015
10,Jeur,33,2,-,,-,-,0,37,-197,9.0,62   ,11/08/2015
10,Jeur,31,-1,21,2,80,-5,0,59,-279,12,62   ,11/09/2015
9,Jeur,-,-,18,-,57,-12,0,14,-78,15.0,62   ,11/11/2015
10,Jeur,33,2,19,1,65,-2,0,19,-91,16,62   ,11/12/2015
9,Jeur,-,-,9,-,50,-17,00,0,0,0,62   ,12/01/2015
10,Jeur,32,-2,16,3,60,1,0,0,-2,0,62   ,12/02/2015
10,Jeur,-,-,19,-,43,2,0,5,4,1,62   ,12/03/2015
9,Jeur,-,-,24,1,84,30,0,5,-2,1.0,62   ,12/04/2015
9,Jeur,-,-,23,-,70,12,0,8,-10,1,62   ,12/05/2015
9,Jeur,35,-2,25,3,85,11,0,21,-25,8.0,62   ,12/06/2015
9,Jeur,33,0,24,4,70,-10,0,31,-107,9,62   ,12/07/2015
9,Jeur,-,-,21,-,85,0,12,-,-,-,62   ,12/08/2015
10,Jeur,32,0,21,2,85,0,1,59,-286,12.0,62   ,12/09/2015
9,Jeur,-,-,20,-,91,15,0,14,-32,15.0,62   ,12/10/2015
9,Jeur,-,-,20,-,51,-19,0,14,-79,15.0,62   ,12/11/2015
9,Jeur,34,4,16,3,50,-18,0,19,-91,16.0,62   ,12/12/2015
10,Jeur,29,-2,9,-3,46,-21,0,0,0,0,62   ,13/01/2015
10,Jeur,-,-,15,-,60,1,0,0,-2,0,62   ,13/02/2015
10,Jeur,36,-2,-,,-,-,-,-,-,-,62   ,13/03/2015
10,Jeur,-,-,21,-,63,9,0,5,-3,1,62   ,13/04/2015
9,Jeur,37,-5,25,2,70,12,0,8,-11,1.0,62   ,13/05/2015
10,Jeur,34,-3,24,3,95,21,5,26,-22,8.0,62   ,13/06/2015
10,Jeur,-,-,23,-,70,-10,0,31,-110,9.0,62   ,13/07/2015
10,Jeur,30,-1,22,2,70,-15,0,49,-189,11,62   ,13/08/2015
10,Jeur,32,0,22,1,77,-5,0,59,-290,12.0,62   ,13/09/2015
9,Jeur,32,-2,-,,-,-,-,-,-,-,62   ,13/10/2015
8,Jeur,34,2,18,2,44,-26,0,14,-79,15.0,62   ,13/11/2015
10,Jeur,34,4,16,3,45,-23,0,19,-93,16,62   ,13/12/2015
10,Jeur,31,0,8,-4,45,-22,0,0,0,0,62   ,14/01/2015
10,Jeur,33,-1,16,3,50,-9,0,0,-2,0,62   ,14/02/2015
10,Jeur,36,-2,20,2,60,9,0,5,4,1.0,62   ,14/03/2015
9,Jeur,-,-,24,-,80,22,0,8,-12,1.0,62   ,14/05/2015
10,Jeur,32,-5,24,3,95,21,0,26,-27,8,62   ,14/06/2015
9,Jeur,36,3,24,4,80,0,0,31,-111,9,62   ,14/07/2015
10,Jeur,-,-,22,-,80,-5,0,49,-191,11.0,62   ,14/08/2015
10,Jeur,-,-,21,-,95,13,4,63,-288,12.0,62   ,14/09/2015
10,Jeur,32,-2,19,1,65,-10,0,14,-36,15.0,62   ,14/10/2015
9,Jeur,33,1,19,3,45,-25,0,14,-82,15.0,62   ,14/11/2015
10,Jeur,-,-,17,-,50,-18,0,19,-93,16.0,62   ,14/12/2015
10,Jeur,30,-1,8,-4,50,-17,0,0,0,0,62   ,15/01/2015
8,Jeur,-,-,15,-,58,0,0,0,-2,0,62   ,15/02/2015
9,Jeur,36,-2,-,,-,-,-,-,-,-,62   ,15/03/2015
10,Jeur,-,-,18,-,65,11,0,5,-4,1.0,62   ,15/04/2015
9,Jeur,33,-8,24,1,80,22,0,8,-12,1.0,62   ,15/05/2015
10,Jeur,-,-,23,2,85,6,5,31,-25,9,62   ,15/06/2015
10,Jeur,36,3,23,-1,80,-4,0,31,-113,9,62   ,15/07/2015
10,Jeur,34,1,-,,-,-,-,-,-,-,62   ,15/08/2015
10,Jeur,-,-,21,-,90,8,20,83,-271,14.0,62   ,15/09/2015
9,Jeur,-,-,22,-,60,-15,0,14,-37,18.0,62   ,15/10/2015
8,Jeur,-,-,19,-,45,-25,0,14,-83,16.0,62   ,15/11/2015
10,Jeur,35,5,18,5,55,-13,0,19,-93,16.0,62   ,15/12/2015
10,Jeur,29,-2,10,-3,55,-10,0,0,0,0,62   ,16/01/2015
9,Jeur,-,-,15,-,47,-11,0,0,-2,0,62   ,16/02/2015
9,Jeur,-,-,20,-,85,34,0,5,4,1.0,62   ,16/03/2015
10,Jeur,34,3,22,0,70,17,0,5,-4,1.0,62   ,16/04/2015
9,Jeur,36,-6,24,1,70,-7,0,8,-13,1.0,62   ,16/05/2015
10,Jeur,-,-,23,3,80,-2,0,31,-118,9,62   ,16/07/2015
10,Jeur,-,-,21,-,91,9,0,83,-278,14.0,62   ,16/09/2015
10,Jeur,34,0,21,3,57,-18,0,14,-40,15.0,62   ,16/10/2015
10,Jeur,34,4,19,6,60,-8,0,19,-93,16,62   ,16/12/2015
10,Jeur,-,-,11,-2,62,-3,0,0,0,0,62   ,17/01/2015
10,Jeur,35,0,-,,-,-,-,-,-,-,62   ,17/02/2015
10,Jeur,35,-3,19,-1,57,6,0,5,4,1,62   ,17/03/2015
10,Jeur,-,-,20,-,65,12,3,8,-1,1,62   ,17/04/2015
10,Jeur,34,1,23,3,95,13,0,31,-121,9.0,62   ,17/07/2015
10,Jeur,-,-,22,-,80,-5,0,49,-119,11.0,62   ,17/08/2015
9,Jeur,30,-3,-,,-,-,-,-,-,-,62   ,17/09/2015
10,Jeur,34,0,24,6,70,-5,0,14,-41,15.0,62   ,17/10/2015
9,Jeur,35,4,17,5,57,-10,0,19,-94,16,62   ,17/12/2015
10,Jeur,-,-,15,-,53,-5,0,0,-2,0,62   ,18/02/2015
10,Jeur,36,-3,19,1,50,-1,0,5,4,1,62   ,18/03/2015
9,Jeur,35,-6,-,,-,-,-,-,-,-,62   ,18/04/2015
10,Jeur,34,1,24,4,85,3,0,31,-125,9.0,62   ,18/07/2015
10,Jeur,35,4,23,3,80,-5,0,49,-201,11,62   ,18/08/2015
9,Jeur,-,-,23,-,70,-2,0,14,-45,15.0,62   ,18/10/2015
10,Jeur,34,3,-,,-,-,-,-,-,-,62   ,18/12/2015
10,Jeur,35,0,15,1,55,-3,0,0,-2,0,62   ,19/02/2015
9,Jeur,37,-2,20,2,50,-1,0,5,4,1,62   ,19/03/2015
9,Jeur,37,-4,22,0,70,17,0,8,-2,1.0,62   ,19/04/2015
10,Jeur,35,2,24,4,85,3,0,31,-129,9.0,62   ,19/07/2015
10,Jeur,35,4,23,3,85,1,0,49,-203,11,62   ,19/08/2015
10,Jeur,-,-,23,-,64,-8,0,14,-47,15,62   ,19/10/2015
10,Jeur,34,3,16,4,61,-6,0,19,-95,16.0,62   ,19/12/2015
9,Jeur,31,-1,15,2,60,-5,0,0,-1,TR,62   ,20/01/2015
9,Jeur,-,-,15,-,70,11,0,0,-2,0,62   ,20/02/2015
10,Jeur,38,-1,21,3,60,9,0,5,4,1.0,62   ,20/03/2015
9,Jeur,-,-,23,1,55,2,0,8,-2,1.0,62   ,20/04/2015
10,Jeur,30,-5,24,2,84,7,0,31,-42,9.0,62   ,20/06/2015
10,Jeur,35,3,25,5,70,-14,0,49,-205,11,62   ,20/08/2015
10,Jeur,32,-1,-,,-,-,-,-,-,-,62   ,20/09/2015
10,Jeur,34,1,22,4,-,-,0,14,-52,16.0,62   ,20/10/2015
10,Jeur,33,2,17,0,54,-17,0,14,-86,15.0,62   ,20/11/2015
9,Jeur,34,3,-,,-,-,-,-,-,-,62   ,20/12/2015
10,Jeur,31,-1,15,2,60,-5,0,0,-1,TR,62   ,21/01/2015
10,Jeur,35,0,17,2,60,1,0,0,-2,0,62   ,21/02/2015
10,Jeur,39,-2,24,1,63,8,0,8,-2,1,62   ,21/04/2015
9,Jeur,32,-3,24,3,77,0,0,31,-45,9.0,62   ,21/06/2015
9,Jeur,32,-1,23,3,85,3,0,31,-136,9.0,62   ,21/07/2015
10,Jeur,36,4,23,3,70,-14,0,49,-207,11.0,62   ,21/08/2015
9,Jeur,-,-,20,-,70,-14,0,83,-317,14.0,62   ,21/09/2015
9,Jeur,31,0,17,1,50,-21,0,14,-86,15.0,62   ,21/11/2015
10,Jeur,-,-,16,-,70,3,0,19,-95,16.0,62   ,21/12/2015
10,Jeur,30,-2,16,3,65,0,0,0,0,0,62   ,22/01/2015
10,Jeur,-,-,24,-,80,25,0,8,-2,1,62   ,22/04/2015
9,Jeur,-,-,24,2,70,7,0,8,-18,1.0,62   ,22/05/2015
9,Jeur,-,-,23,-,95,18,0,31,-49,9,62   ,22/06/2015
10,Jeur,29,4,23,3,95,13,1,32,-139,9.0,62   ,22/07/2015
10,Jeur,35,3,22,2,80,-4,0,49,-213,11.0,62   ,22/08/2015
9,Jeur,31,-2,-,,-,-,-,-,-,-,62   ,22/09/2015
9,Jeur,34,1,21,3,59,-,0,14,-54,15,62   ,22/10/2015
8,Jeur,29,-2,21,6,75,6,0,14,-86,15.0,62   ,22/11/2015
10,Jeur,-,-,15,-,50,16,0,19,-95,16,62   ,22/12/2015
10,Jeur,29,-3,16,3,75,10,0,0,0,0,62   ,23/01/2015
10,Jeur,-,-,18,3,40,-19,0,0,-2,0,62   ,23/02/2015
10,Jeur,-,-,20,-,70,20,0,5,4,1.0,62   ,23/03/2015
10,Jeur,40,-1,25,2,80,25,0,8,-3,1.0,62   ,23/04/2015
9,Jeur,-,-,25,-,80,17,0,8,-19,1.0,62   ,23/05/2015
10,Jeur,29,1,24,2,80,-8,0,31,-55,9,62   ,23/06/2015
10,Jeur,31,-2,-,,-,-,-,-,-,-,62   ,23/07/2015
9,Jeur,33,1,22,2,80,-4,0,49,-219,11.0,62   ,23/08/2015
10,Jeur,33,0,22,2,70,-15,0,83,-329,14,62   ,23/09/2015
10,Jeur,-,-,23,-,57,-16,0,14,-56,15,62   ,23/10/2015
8,Jeur,-,-,23,-,85,16,5,19,-84,16.0,62   ,23/11/2015
9,Jeur,-,-,15,2,51,-15,0,19,-95,16.0,62   ,23/12/2015
10,Jeur,-,-,16,-,50,-9,0,0,-3,0,62   ,24/02/2015
10,Jeur,40,-1,24,1,80,25,0,8,-3,1.0,62   ,24/04/2015
10,Jeur,31,-4,23,2,85,8,0,31,-57,9,62   ,24/06/2015
10,Jeur,-,-,23,3,80,-2,0,32,-147,9.0,62   ,24/07/2015
10,Jeur,-,-,21,-,80,-4,0,49,-223,11,62   ,24/08/2015
10,Jeur,33,0,22,,70,-15,0,83,-337,14,62   ,24/09/2015
10,Jeur,34,1,23,5,57,-16,0,14,-58,15,62   ,24/10/2015
9,Jeur,31,1,22,7,85,16,0,19,-84,16,62   ,24/11/2015
9,Jeur,33,2,15,2,57,-9,0,19,-95,16.0,62   ,24/12/2015
10,Jeur,-,-,17,2,47,-9,0,0,-3,0,62   ,25/02/2015
10,Jeur,39,0,21,2,43,-7,0,5,3,1,62   ,25/03/2015
9,Jeur,39,-2,22,-1,55,0,0,-,-,-,62   ,25/04/2015
10,Jeur,31,-4,24,2,85,6,0,31,-62,9,62   ,25/06/2015
9,Jeur,33,0,22,2,95,13,0,32,-151,9,62   ,25/07/2015
10,Jeur,-,-,21,1,70,-14,0,49,-226,11,62   ,25/08/2015
10,Jeur,34,1,-,,-,-,-,-,-,-,62   ,25/09/2015
9,Jeur,31,0,22,7,90,21,0,19,-89,16.0,62   ,25/11/2015
7,Jeur,-,-,18,-,58,-6,-,-,-,-,62   ,26/01/2015
10,Jeur,35,-1,17,2,70,14,0,0,-3,0,62   ,26/02/2015
10,Jeur,-,-,21,-,43,-7,0,5,3,1,62   ,26/03/2015
9,Jeur,-,-,22,-,54,-3,0,8,-3,1.0,62   ,26/04/2015
9,Jeur,-,-,24,-,80,16,0,8,-28,1.0,62   ,26/05/2015
10,Jeur,33,1,24,3,80,1,0,31,-63,9.0,62   ,26/06/2015
8,Jeur,32,-1,22,2,92,10,0,32,-154,9,62   ,26/07/2015
10,Jeur,-,-,21,-,65,-10,0,83,-351,14.0,62   ,26/09/2015
10,Jeur,-,-,22,-,60,-13,0,14,-61,15.0,62   ,26/10/2015
9,Jeur,-,-,10,-,46,-20,0,19,-95,16,62   ,26/12/2015
10,Jeur,-,-,15,-,65,1,0,0,-1,0,62   ,27/01/2015
10,Jeur,35,-1,16,1,60,4,0,0,-3,0,62   ,27/02/2015
10,Jeur,39,0,23,4,50,-3,0,5,2,1,62   ,27/03/2015
10,Jeur,-,-,23,0,75,18,0,8,-4,1.0,62   ,27/04/2015
9,Jeur,41,0,24,2,80,16,0,8,-31,1.0,62   ,27/05/2015
10,Jeur,33,-1,24,3,80,1,0,31,-68,9.0,62   ,27/06/2015
10,Jeur,-,-,22,-,85,3,0,32,-158,9,62   ,27/07/2015
10,Jeur,34,7,21,0,80,-12,0,49,-231,11.0,62   ,27/08/2015
10,Jeur,33,0,22,2,57,-16,0,14,-63,15.0,62   ,27/10/2015
10,Jeur,33,2,19,4,61,-7,0,19,-86,16,62   ,27/11/2015
8,Jeur,30,-1,11,-1,45,-24,0,19,-96,16.0,62   ,27/12/2015
10,Jeur,32,-1,15,2,60,-4,0,0,-1,0,62   ,28/01/2015
10,Jeur,34,-2,17,2,70,14,0,0,3,0,62   ,28/02/2015
10,Jeur,39,0,23,4,70,17,0,5,2,1,62   ,28/03/2015
8,Jeur,-,-,24,0,71,0,0,8,-4,1,62   ,28/04/2015
9,Jeur,42,1,24,2,80,16,0,8,-32,1,62   ,28/05/2015
9,Jeur,34,0,24,3,71,-8,0,31,-68,9.0,62   ,28/06/2015
10,Jeur,31,-2,22,2,80,-2,0,32,-161,9.0,62   ,28/07/2015
10,Jeur,-,-,22,-,85,1,0,49,-237,11.0,62   ,28/08/2015
10,Jeur,-,-,21,-,57,-26,0,83,-363,14,62   ,28/09/2015
10,Jeur,32,-1,20,3,55,-14,0,14,-63,15.0,62   ,28/10/2015
10,Jeur,34,3,19,3,65,-3,0,19,-88,16.0,62   ,28/11/2015
9,Jeur,-,-,14,-,43,-27,0,19,-97,16,62   ,28/12/2015
9,Jeur,31,-2,15,2,70,6,0,0,-1,0,62   ,29/01/2015
9,Jeur,39,0,-,,-,-,-,-,-,-,62   ,29/03/2015
9,Jeur,-,-,24,-,65,8,0,8,-5,1.0,62   ,29/04/2015
9,Jeur,40,-1,25,3,70,6,0,8,-33,1,62   ,29/05/2015
9,Jeur,-,-,24,-,70,-9,0,31,-70,9,62   ,29/06/2015
9,Jeur,32,-1,-,,-,-,-,-,-,-,62   ,29/07/2015
10,Jeur,34,1,21,1,57,-26,0,83,-368,14.0,62   ,29/09/2015
9,Jeur,34,3,21,6,70,2,0,19,-89,16,62   ,29/11/2015
8,Jeur,32,-1,15,2,65,1,-,-,-,-,62   ,30/01/2015
10,Jeur,41,0,23,0,62,5,0,8,-5,1,62   ,30/04/2015
9,Jeur,42,1,20,-2,95,31,50,58,16,6.0,62   ,30/05/2015
9,Jeur,34,0,24,3,80,1,0,31,-71,9,62   ,30/06/2015
10,Jeur,-,-,21,-,80,-2,0,32,-165,9,62   ,30/07/2015
10,Jeur,34,2,21,4,57,-12,0,14,-63,16,62   ,30/10/2015
10,Jeur,-,-,19,4,55,-13,0,19,-89,16,62   ,30/11/2015
9,Jeur,35,4,10,-2,43,-26,0,19,-97,16,62   ,30/12/2015
10,Jeur,31,-2,15,2,53,-10,0,0,-1,0,62   ,31/01/2015
10,Jeur,36,-3,22,3,40,-13,0,5,2,1.0,62   ,31/03/2015
9,Jeur,34,-7,-,,-,-,-,-,-,-,62   ,31/05/2015
10,Jeur,30,-2,22,1,95,13,0,32,-170,9.0,62   ,31/07/2015
10,Jeur,-,-,22,-,80,-5,0,49,-247,11,62   ,31/08/2015
10,Jeur,34,2,21,4,62,-7,0,14,-65,15.0,62   ,31/10/2015
9,Jeur,34,3,12,1,47,-23,0,19,-97,16.0,62   ,31/12/2015
9,Jeur,34,5,12,0,53,-14,0,0,0,0,62   ,01/01/2016
10,Jeur,-,-,14,1,60,-3,0,0,-1,0,62   ,01/02/2016
9,Jeur,37,1,22,7,80,24,0,0,0,0,62   ,01/03/2016
10,Jeur,40,0,25,4,55,2,0,0,-3,0,62   ,01/04/2016
8,Jeur,-,-,24,-,65,10,0,0,-14,0,62   ,01/05/2016
8,Jeur,40,1,25,3,70,-2,0,0,-2,0,62   ,01/06/2016
10,Jeur,31,-3,-,,-,-,-,-,-,-,62   ,01/07/2016
10,Jeur,31,-1,21,2,80,-5,0,48,-254,13.0,62   ,01/09/2016
8,Jeur,33,1,15,-2,50,-19,0,0,-80,25,62   ,01/11/2016
9,Jeur,-,-,12,-,75,7,0,-,-,-,62   ,01/12/2016
9,Jeur,34,3,12,0,52,-15,0,0,0,0.0,62   ,02/01/2016
10,Jeur,35,2,14,1,56,-7,0,0,-1,0,62   ,02/02/2016
10,Jeur,41,1,22,1,55,2,0,0,-3,0,62   ,02/04/2016
10,Jeur,39,-1,24,2,17,-2,0,0,-5,0,62   ,02/06/2016
10,Jeur,-,-,21,-,75,-4,0,36,-74,7.0,62   ,02/07/2016
10,Jeur,30,-,20,-,-,-,5,38,-168,12.0,62   ,02/08/2016
10,Jeur,32,-,21,-,70,-15,0,48,-264,13.0,62   ,02/09/2016
9,Jeur,32,0,14,-3,55,-14,0,0,-80,25.0,62   ,02/11/2016
10,Jeur,29,-2,13,-1,45,-22,0,0,-108,25.0,62   ,02/12/2016
9,Jeur,-,-,12,-,55,-12,0,0,0,0,62   ,03/01/2016
10,Jeur,35,2,12,-1,52,-11,0,0,-1,0,62   ,03/02/2016
10,Jeur,37,1,19,3,83,29,0,0,0,0,62   ,03/03/2016
9,Jeur,41,1,22,1,55,2,0,0,-3,0,62   ,03/04/2016
10,Jeur,-,-,24,-,65,10,0,0,-15,0,62   ,03/05/2016
10,Jeur,-,-,23,-,80,8,0,0,-9,0,62   ,03/06/2016
9,Jeur,31,-3,-,,-,-,-,-,-,-,62   ,03/07/2016
10,Jeur,28,-4,20,-1,95,13,0,38,-173,12.0,62   ,03/08/2016
9,Jeur,31,-,20,-,80,-2,0,48,-266,13.0,62   ,03/09/2016
10,Jeur,32,-1,14,-3,57,-12,0,0,-80,25.0,62   ,03/11/2016
10,Jeur,-,-,14,-,-,-,-,-,-,-,62   ,03/12/2016
10,Jeur,-,-,11,-,50,-17,0,0,0,0.0,62   ,04/01/2016
10,Jeur,35,2,11,-2,35,-28,0,0,-1,0,62   ,04/02/2016
10,Jeur,35,-2,19,3,65.0,11,0,0,00,0,62   ,04/03/2016
10,Jeur,-,-,24,-,71,18,0,0,-3,0,62   ,04/04/2016
10,Jeur,42,1,24,2,57,2,0,0,-16,0,62   ,04/05/2016
10,Jeur,39,-1,-,,-,-,-,-,-,-,62   ,04/06/2016
10,Jeur,-,-,22,-,98,19,5,41,-74,7.0,62   ,04/07/2016
10,Jeur,29,-3,21,1,80,-6,5,43,-171,13.0,62   ,04/08/2016
9,Jeur,31,-1,22,3,60,25,0,48,-270,13.0,62   ,04/09/2016
10,Jeur,30,2,19,0,85,5,2,2,-17,25.0,62   ,04/10/2016
10,Jeur,32,-1,14,-3,60,-9,0,0,-82,25,62   ,04/11/2016
9,Jeur,32,-,16,-,80,-,0,0,-108,25,62   ,04/12/2016
10,Jeur,33,2,11,-1,55,-12,0,0,0,0.0,62   ,05/01/2016
10,Jeur,35,1,12,0,50,-9,0,0,-1,0,62   ,05/02/2016
10,Jeur,33,-3,18,2,64,10,0,0,-1,0,62   ,05/03/2016
10,Jeur,-,-,22,1,60,7,0,0,-4,0,62   ,05/04/2016
10,Jeur,42,1,24,2,55,0,0,0,-17,0,62   ,05/05/2016
9,Jeur,37,-1,23,2,95,17,3,3,-15,TR,62   ,05/06/2016
10,Jeur,28,-6,21,0,80,-1,0,41,-77,7.0,62   ,05/07/2016
10,Jeur,30,-,21,-,95,9,0,43,-173,13.0,62   ,05/08/2016
9,Jeur,-,-,22,-,70,-12,0,48,-271,13.0,62   ,05/09/2016
9,Jeur,28,-5,19,0,80,0,0,2,-20,25,62   ,05/10/2016
10,Jeur,33,2,13,1,65,-2,0,0,0,0,62   ,06/01/2016
10,Jeur,35,1,14,1,50,-9,0,0,-1,0,62   ,06/02/2016
8,Jeur,35,-2,18,2,65,11,0,0,-1,0,62   ,06/03/2016
9,Jeur,37,-3,24,3,55,3,0,0,-5,0,62   ,06/04/2016
9,Jeur,41,-1,-,,-,-,-,-,-,-,62   ,06/05/2016
10,Jeur,37,-1,22,1,84,6,1,4,-20,TR,62   ,06/06/2016
9,Jeur,-,-,21,-,80,-1,0,41,-80,7,62   ,06/07/2016
10,Jeur,-,-,21,1,85,-1,0,43,-,45.0,62   ,06/08/2016
10,Jeur,-,-,21,-,65,-17,0,48,-274,13.0,62   ,06/09/2016
10,Jeur,29,-4,19,0,80,0,0,2,-23,25,62   ,06/10/2016
10,Jeur,32,1,15,1,80,13,0,0,-109,25.0,62   ,06/12/2016
10,Jeur,32,2,14,2,60,-7,0,0,0,0.0,62   ,07/01/2016
9,Jeur,34,0,14,1,55,-4,0,0,-1,0,62   ,07/02/2016
10,Jeur,-,-,19,2,52,0,0,0,-1,0,62   ,07/03/2016
10,Jeur,38,-3,22,1,55,3,0,0,-5,0,62   ,07/04/2016
10,Jeur,39,-3,23,0,65,9,0,0,-17,0,62   ,07/05/2016
9,Jeur,29,-9,-,,-,-,-,-,-,-,62   ,07/06/2016
10,Jeur,-,-,21,-,95,14,0,41,-82,7.0,62   ,07/07/2016
9,Jeur,30,-2,-,,-,-,-,-,-,-,62   ,07/08/2016
10,Jeur,33,0,21,2,65,-17,0,48,-275,13.0,62   ,07/09/2016
10,Jeur,30,-3,18,-1,80,0,0,2,25,25.0,62   ,07/10/2016
9,Jeur,31,-2,19,-2,80,11,0,0,-87,25.0,62   ,07/11/2016
10,Jeur,33,3,15,2,75,8,0,0,-109,25,62   ,07/12/2016
9,Jeur,31,0,13,1,50,-17,0,0,0,0,62   ,08/01/2016
10,Jeur,-,-,14,-,40,-19,0,0,-1,0,62   ,08/02/2016
8,Jeur,39,-,-,-,-,-,0,0,-17,0,62   ,08/05/2016
10,Jeur,36,-2,23,2,76,-2,0,4,-31,TR,62   ,08/06/2016
10,Jeur,29,-4,-,,-,-,-,-,-,-,62   ,08/07/2016
10,Jeur,-,-,21,-,70,-16,0,43,-183,13.0,62   ,08/08/2016
10,Jeur,33,0,20,1,65,-20,0,48,-277,13.0,62   ,08/09/2016
10,Jeur,31,-2,21,2,85,9,0,2,-29,25.0,62   ,08/10/2016
10,Jeur,33,2,14,1,75,8,-,-,-,-,62   ,08/12/2016
10,Jeur,31,0,13,1,43,-24,0,0,0,0.0,62   ,09/01/2016
10,Jeur,35,1,15,2,40,-19,0,0,-1,0,62   ,09/02/2016
9,Jeur,38,1,-,,-,-,-,-,-,-,62   ,09/03/2016
9,Jeur,-,-,23,-,50,-2,0,0,-6,0,62   ,09/04/2016
10,Jeur,-,-,25,2,65,9,0,0,-17,0,62   ,09/05/2016
10,Jeur,35,-3,23,2,85,7,0,4,-34,TR,62   ,09/06/2016
10,Jeur,27,-6,21,1,95,14,0,41,-88,7.0,62   ,09/07/2016
10,Jeur,32,0,22,2,85,0,0,43,-185,13.0,62   ,09/08/2016
10,Jeur,34,2,20,1,70,-15,0,48,-279,13.0,62   ,09/09/2016
10,Jeur,31,-1,18,2,75,6,0,0,-89,25.0,62   ,09/11/2016
10,Jeur,31,0,11,-2,85,18,0,0,-109,25.0,62   ,09/12/2016
9,Jeur,31,0,13,1,50,-17,0,0,0,0.0,62   ,10/01/2016
10,Jeur,35,1,18,5,61,2,0,0,-2,0,62   ,10/02/2016
10,Jeur,38,1,20,3,49,-3,0,0,-1,0,62   ,10/03/2016
10,Jeur,42,1,23,2,50,-2,0,0,-7,0,62   ,10/04/2016
9,Jeur,40,-2,23,0,62,6,0,0,-18,0,62   ,10/05/2016
9,Jeur,36,-2,20,-1,85,11,45,49,9,5,62   ,10/06/2016
10,Jeur,32,1,20,0,70,-15,0,43,-188,13.0,62   ,10/08/2016
10,Jeur,34,2,21,2,70,-15,0,48,-287,13.0,62   ,10/09/2016
10,Jeur,29,-3,19,-3,75,6,0,0,-90,25.0,62   ,10/11/2016
10,Jeur,-,-,10,-,38,-29,0,-,-,-,62   ,10/12/2016
9,Jeur,-,-,13,1,47,-20,0,0,0,0,62   ,11/01/2016
10,Jeur,35,1,16,3,70,11,0,0,-2,0,62   ,11/02/2016
10,Jeur,-,-,22,-,54,2,0,0,-1,0,62   ,11/03/2016
10,Jeur,-,-,24,-,55,1,0,0,-7,0,62   ,11/04/2016
9,Jeur,40,-2,-,,-,-,-,-,-,-,62   ,11/05/2016
10,Jeur,29,-8,23,2,85,-11,0,49,9,5,62   ,11/06/2016
10,Jeur,30,-3,20,0,95,15,5,46,-90,8.0,62   ,11/07/2016
10,Jeur,-,-,20,-,70,-15,0,43,-191,13.0,62   ,11/08/2016
10,Jeur,31,-1,22,3,70,-15,0,48,-290,13,62   ,11/09/2016
10,Jeur,30,-2,18,2,80,11,0,0,-92,25.0,62   ,11/11/2016
9,Jeur,32,1,11,-1,55,-12,0,0,0,0,62   ,12/01/2016
10,Jeur,34,0,16,3,65,6,0,0,-2,0,62   ,12/02/2016
10,Jeur,39,2,20,2,55,4,0,0,-1,0,62   ,12/03/2016
10,Jeur,41,0,23,1,51,-3,0,0,-7,0,62   ,12/04/2016
9,Jeur,30,-6,23,2,85,11,0,49,3,5,62   ,12/06/2016
9,Jeur,27,-6,21,1,-,-,0,46,-92,8,62   ,12/07/2016
10,Jeur,31,0,21,1,95,10,5,48,-187,13.0,62   ,12/08/2016
10,Jeur,-,-,20,0,80,-2,0,48,-297,13.0,62   ,12/09/2016
10,Jeur,29,-3,18,2,75,6,0,0,-93,25.0,62   ,12/11/2016
10,Jeur,31,1,14,1,75,7,-,0,-110,25.0,62   ,12/12/2016
10,Jeur,32,1,12,0,55,-12,0,0,0,0.0,62   ,13/01/2016
10,Jeur,33,-1,14,1,75,16,0,0,-2,0,62   ,13/02/2016
9,Jeur,40,2,20,2,57,16,0,0,-1,0,62   ,13/03/2016
10,Jeur,42,1,22,0,61,7,0,0,-8,0,62   ,13/04/2016
9,Jeur,-,-,26,-,75,17,0,0,-19,0,62   ,13/05/2016
9,Jeur,-,-,20,-,80,6,15,64,16,6,62   ,13/06/2016
10,Jeur,30,-3,22,2,80,0,0,46,-95,8.0,62   ,13/07/2016
10,Jeur,-,-,20,-,80,-5,0,48,-190,13.0,62   ,13/08/2016
10,Jeur,32,0,20,0,80,-2,0,48,-301,13.0,62   ,13/09/2016
10,Jeur,32,-,13,-,75,-,0,0,-112,25,62   ,13/12/2016
9,Jeur,32,1,12,0,58,9,0,0,0,0.0,62   ,14/01/2016
9,Jeur,33,-1,15,2,67,8,0,0,-2,0,62   ,14/02/2016
10,Jeur,-,-,18,-,65,14,0,0,-1,0,62   ,14/03/2016
9,Jeur,41,0,23,1,62,8,0,0,-8,0,62   ,14/04/2016
9,Jeur,42,0,27,4,73,15,0,0,-20,0,62   ,14/05/2016
9,Jeur,38,1,22,1,71,-3,0,64,11,6,62   ,14/06/2016
10,Jeur,30,-3,21,1,70,-10,0,46,-96,8.0,62   ,14/07/2016
9,Jeur,30,-1,20,0,80,-5,0,48,-192,13.0,62   ,14/08/2016
9,Jeur,-,-,21,-,85,3,5,53,-298,14.0,62   ,14/09/2016
10,Jeur,33,-1,19,1,70,-5,0,0,-50,25.0,62   ,14/10/2016
9,Jeur,31,-1,19,3,75,-,-,-,-,-,62   ,14/11/2016
9,Jeur,31,1,13,0,70,2,0,0,-112,25,62   ,14/12/2016
9,Jeur,31,0,12,1,64,-3,0,0,0,0.0,62   ,15/01/2016
10,Jeur,36,-2,19,1,57,16,0,0,-1,0,62   ,15/03/2016
9,Jeur,-,-,22,-,62,8,0,0,-9,0,62   ,15/04/2016
9,Jeur,42,0,-,,-,-,-,-,-,-,62   ,15/05/2016
10,Jeur,35,-2,20,1,70,-9,0,31,-25,6,62   ,15/06/2016
10,Jeur,31,-2,21,1,80,-2,0,46,-98,8.0,62   ,15/07/2016
8,Jeur,-,-,20,-,85,-,0,-,-,-,62   ,15/08/2016
9,Jeur,-,-,20,-,90,8,-,-,-,-,62   ,15/09/2016
9,Jeur,32,-2,23,5,85,10,0,0,-51,25.0,62   ,15/10/2016
9,Jeur,30,-2,19,3,75,5,0,0,-97,25.0,62   ,15/11/2016
9,Jeur,29,-1,18,4,50,-18,0,0,-112,25.0,62   ,15/12/2016
10,Jeur,-,-,15,-,74,9,0,0,0,0.0,62   ,16/01/2016
10,Jeur,33,1,-,,-,-,-,-,-,-,62   ,16/02/2016
10,Jeur,37,-1,-,,-,-,-,-,-,-,62   ,16/03/2016
10,Jeur,42,1,23,1,65,12,0,0,-9,0,62   ,16/04/2016
10,Jeur,-,-,-,-,-,-,0,31,-29,6,62   ,16/06/2016
9,Jeur,-,-,21,-,80,-5,0,48,-197,13,62   ,16/08/2016
9,Jeur,25,-8,19,-1,75,-7,10,96,-265,18.0,62   ,16/09/2016
9,Jeur,30,0,14,1,75,7,0,0,-112,47.0,62   ,16/12/2016
8,Jeur,30,-2,14,1,85,20,0,0,0,0,62   ,17/01/2016
8,Jeur,35,1,21,7,55,-3,0,0,-2,0,62   ,17/02/2016
10,Jeur,37,-1,-,,-,-,-,-,-,-,62   ,17/03/2016
10,Jeur,42,1,-,,-,-,-,-,-,-,62   ,17/04/2016
9,Jeur,42,-,24,1,47,-15,0,0,22,0.0,62   ,17/05/2016
10,Jeur,36,1,23,2,78,-1,0,31,-32,6,62   ,17/06/2016
10,Jeur,33,1,22,2,65,-20,0,48,-200,13,62   ,17/08/2016
9,Jeur,27,-6,21,1,95,13,5,101,-267,19,62   ,17/09/2016
9,Jeur,32,-2,21,-3,100,25,0,0,-54,25,62   ,17/10/2016
9,Jeur,31,-1,-,,-,-,-,-,-,-,62   ,17/11/2016
10,Jeur,31,1,17,5,70,3,0,0,-113,47,62   ,17/12/2016
10,Jeur,-,-,-,-,-,-,-,-,-,-,62   ,18/01/2016
8,Jeur,35,1,21,7,50,-3,0,0,-2,0,62   ,18/02/2016
10,Jeur,38,-1,-,,-,-,-,-,-,-,62   ,18/03/2016
10,Jeur,-,-,21,-,54,1,0,0,-10,0,62   ,18/04/2016
9,Jeur,-,-,26,-,57,-5,0,0,-22,0,62   ,18/05/2016
10,Jeur,36,1,24,3,84,5,0,31,-34,6,62   ,18/06/2016
10,Jeur,-,-,22,-,70,-12,0,46,-109,79.0,62   ,18/07/2016
10,Jeur,32,1,21,1,80,-5,0,48,-202,13.0,62   ,18/08/2016
10,Jeur,33,-1,18,,85,13,0,0,-59,25.0,62   ,18/10/2016
9,Jeur,30,-1,20,4,80,9,-,-,-,-,62   ,18/11/2016
9,Jeur,31,0,-,,-,-,-,-,-,-,62   ,18/12/2016
10,Jeur,30,-2,13,0,60,-5,0,0,-1,0,62   ,19/01/2016
9,Jeur,35,0,17,3,57,-1,0,0,-2,0,62   ,19/02/2016
10,Jeur,40,1,20,2,60,09,0,-,-,-,62   ,19/03/2016
9,Jeur,42,1,-,,-,-,-,-,-,-,62   ,19/04/2016
9,Jeur,43,2,25,2,66,4,0,-,-,-,62   ,19/05/2016
9,Jeur,33,-2,-,,-,-,-,-,-,-,62   ,19/06/2016
10,Jeur,30,-3,22,2,80,-2,0,46,-114,8.0,62   ,19/07/2016
10,Jeur,32,1,20,0,70,-14,0,48,-205,13,62   ,19/08/2016
10,Jeur,-,-,20,-,85,1,0,101,-288,19.0,62   ,19/09/2016
10,Jeur,32,-1,21,3,85,-,0,0,-61,25.0,62   ,19/10/2016
9,Jeur,31,0,12,0,75,0,0,0,-114,47.0,62   ,19/12/2016
10,Jeur,30,-2,12,-1,49,-16,0,0,-1,0,62   ,20/01/2016
10,Jeur,35,0,-,,-,-,-,-,-,-,62   ,20/02/2016
9,Jeur,40,1,20,2,60,9,0,0,-1,0,62   ,20/03/2016
10,Jeur,-,-,24,-,57,2,0,0,-10,0,62   ,20/04/2016
9,Jeur,42,1,25,2,65,3,0,0,-24,0,62   ,20/05/2016
10,Jeur,-,-,21,-,91,14,5,36,-37,7,62   ,20/06/2016
10,Jeur,-,-,23,-,95,13,5,51,-114,8.0,62   ,20/07/2016
10,Jeur,29,-4,20,0,80,-4,0,101,-293,19.0,62   ,20/09/2016
10,Jeur,32,-1,16,-2,-,-,0,0,66,25.0,62   ,20/10/2016
10,Jeur,31,0,11,-1,55,-12,0,0,-114,47.0,62   ,20/12/2016
9,Jeur,30,-2,11,-3,63,-2,0,0,-1,0,62   ,21/01/2016
9,Jeur,36,1,-,,-,-,-,-,-,-,62   ,21/02/2016
10,Jeur,-,-,21,-,50,-1,0,0,-1,0,62   ,21/03/2016
9,Jeur,42,1,26,3,53,-2,0,0,-10,0,62   ,21/04/2016
10,Jeur,38,3,-,,-,-,-,-,-,-,62   ,21/05/2016
9,Jeur,30,-5,23,2,77,0,0,36,-40,7,62   ,21/06/2016
10,Jeur,30,-3,20,0,95,15,30,30,-137,11.0,62   ,21/07/2016
10,Jeur,-,-,20,-,95,11,5,106,-294,19,62   ,21/09/2016
10,Jeur,33,0,21,3,90,18,0,0,-67,25.0,62   ,21/10/2016
10,Jeur,30,-1,11,-1,55,-12,0,0,-114,47.0,62   ,21/12/2016
10,Jeur,-,-,10,-,54,-11,0,0,-1,0,62   ,22/01/2016
9,Jeur,38,-1,19,0,57,7,0,0,-1,0,62   ,22/03/2016
9,Jeur,40,-1,23,0,60,5,0,0,-10,0,62   ,22/04/2016
10,Jeur,34,-1,22,1,80,3,0,36,-43,7.0,62   ,22/06/2016
10,Jeur,28,-5,20,0,95,13,3,33,-137,12.0,62   ,22/07/2016
10,Jeur,-,-,21,-,80,-4,0,48,-214,13.0,62   ,22/08/2016
10,Jeur,-,-,20,-,95,11,30,136,-272,22,62   ,22/09/2016
10,Jeur,32,-,21,-,90,-,0,0,-68,25,62   ,22/10/2016
10,Jeur,31,0,10,-3,55,-11,0,0,-114,47.0,62   ,22/12/2016
10,Jeur,-,-,11,-1,45,-22,0,0,-1,0,62   ,23/01/2016
10,Jeur,38,3,19,4,56,-3,0,0,-2,0,62   ,23/02/2016
10,Jeur,-,0,20,1,50,0,0,0,-1,0,62   ,23/03/2016
9,Jeur,40,-1,23,0,62,7,0,0,-11,0,62   ,23/04/2016
9,Jeur,34,-1,22,1,-,-,0,36,-50,7.0,62   ,23/06/2016
10,Jeur,32,0,21,1,80,15,0,48,-220,13.0,62   ,23/08/2016
9,Jeur,29,-4,19,0,58,-27,20,156,-256,24.0,62   ,23/09/2016
9,Jeur,31,0,10,-3,42,-24,0,0,-114,47.0,62   ,23/12/2016
10,Jeur,-,-,19,-,56,-3,0,0,-3,0,62   ,24/02/2016
8,Jeur,40,-1,-,,-,-,-,-,-,-,62   ,24/04/2016
10,Jeur,40,1,-,,-,-,-,-,-,-,62   ,24/05/2016
10,Jeur,34,-1,22,1,80,3,0,36,-52,7.0,62   ,24/06/2016
10,Jeur,33,1,21,1,70,-14,0,48,-224,13.0,62   ,24/08/2016
9,Jeur,-,-,22,-,85,12,0,0,-71,25,62   ,24/10/2016
9,Jeur,31,0,10,-3,50,-16,0,0,-114,47,62   ,24/12/2016
10,Jeur,38,3,19,4,50,-6,0,0,-3,0,62   ,25/02/2016
9,Jeur,-,-,22,-,59,4,0,0,-11,0,62   ,25/04/2016
10,Jeur,40,-1,23,1,66,3,0,0,-31,0,62   ,25/05/2016
10,Jeur,34,-1,22,1,71,-8,0,36,-57,7.0,62   ,25/06/2016
10,Jeur,33,1,21,1,70,-14,0,48,-227,13.0,62   ,25/08/2016
9,Jeur,33,0,18,0,55,-18,0,0,-74,25.0,62   ,25/10/2016
10,Jeur,33,-,-,-,-,-,-,-,-,-,62   ,26/01/2016
10,Jeur,38,2,18,3,60,-24,0,0,-3,0,62   ,26/02/2016
9,Jeur,42,1,22,-1,66,9,0,0,-11,0,62   ,26/04/2016
10,Jeur,39,-2,-,,-,-,-,-,-,-,62   ,26/05/2016
9,Jeur,32,-2,-,,-,-,-,-,-,-,62   ,26/06/2016
10,Jeur,32,-1,22,2,80,-2,0,33,-153,12,62   ,26/07/2016
9,Jeur,33,1,21,1,70,5,0,48,-230,13.0,62   ,26/08/2016
10,Jeur,33,0,21,-3,80,7,0,0,-75,25.0,62   ,26/10/2016
10,Jeur,30,-1,18,3,80,11,-,-,-,-,62   ,26/11/2016
10,Jeur,-,-,11,-,55,-9,0,0,-1,0,62   ,27/01/2016
9,Jeur,37,1,-,,-,-,-,-,-,-,62   ,27/02/2016
9,Jeur,42,1,-,,-,-,-,-,-,-,62   ,27/04/2016
10,Jeur,40,0,24,,78,14,0,0,-39,0,62   ,27/05/2016
10,Jeur,-,-,22,-,80,1,0,36,-62,7.0,62   ,27/06/2016
10,Jeur,31,-2,21,1,85,3,0,33,-157,12.0,62   ,27/07/2016
10,Jeur,33,1,22,2,75,-9,0,48,-232,13,62   ,27/08/2016
10,Jeur,30,-,22,-,85,0,5,161,-179,25.0,62   ,27/09/2016
9,Jeur,31,-2,15,-3,55,-18,0,0,-77,25.0,62   ,27/10/2016
10,Jeur,31,-,18,-,80,-,0,-,-,-,62   ,27/11/2016
8,Jeur,32,1,11,-1,50,-19,0,0,-115,47.0,62   ,27/12/2016
10,Jeur,34,1,10,-3,35,-29,0,0,-1,0,62   ,28/01/2016
9,Jeur,38,2,-,,-,-,-,-,-,-,62   ,28/02/2016
10,Jeur,-,-,24,-,35,12,0,0,-12,0,62   ,28/04/2016
10,Jeur,32,-2,22,1,75,-4,0,36,-63,7.0,62   ,28/06/2016
10,Jeur,30,-3,21,1,85,3,0,33,-160,12,62   ,28/07/2016
9,Jeur,33,1,22,2,80,-4,0,48,-238,13.0,62   ,28/08/2016
10,Jeur,30,-3,20,0,80,-3,0,161,-285,25.0,62   ,28/09/2016
9,Jeur,32,1,15,-2,53,-16,0,0,-77,25.0,62   ,28/10/2016
9,Jeur,30,-1,17,2,75,7,0,0,-107,25.0,62   ,28/11/2016
9,Jeur,30,-1,10,-2,69,0,0,0,-116,47.0,62   ,28/12/2016
9,Jeur,34,1,13,0,60,-4,0,0,-1,0,62   ,29/01/2016
10,Jeur,39,0,21,1,54,1,0,0,-3,0,62   ,29/03/2016
10,Jeur,42,1,24,1,55,-2,0,0,-13,0,62   ,29/04/2016
10,Jeur,32,-2,22,1,85,6,0,36,-65,7.0,62   ,29/06/2016
10,Jeur,29,-4,22,,70,-12,0,33,-162,12.0,62   ,29/07/2016
8,Jeur,-,-,22,-,70,-15,0,48,-240,13,62   ,29/08/2016
10,Jeur,32,-1,21,1,80,3,0,161,-290,24.0,62   ,29/09/2016
9,Jeur,32,0,20,3,85,16,0,0,-77,25.0,62   ,29/10/2016
9,Jeur,30,-1,10,-2,67,-2,0,0,-116,47.0,62   ,29/12/2016
10,Jeur,35,2,13,0,52,-12,0,0,-1,0,62   ,30/01/2016
10,Jeur,41,2,20,1,60,7,0,0,-3,0,62   ,30/03/2016
9,Jeur,42,0,24,2,66,9,0,0,-13,0,62   ,30/04/2016
10,Jeur,-,-,24,-,78,14,0,0,-42,0,62   ,30/05/2016
10,Jeur,30,-,21,0,70,-12,0,33,-164,12,62   ,30/07/2016
10,Jeur,33,1,22,3,80,-5,0,48,-242,13.0,62   ,30/08/2016
10,Jeur,30,-,23,-,80,-,0,161,-297,25,62   ,30/09/2016
9,Jeur,31,0,10,-2,55,-14,0,0,-116,47.0,62   ,30/12/2016
9,Jeur,35,2,14,1,50,-13,0,0,-1,0,62   ,31/01/2016
9,Jeur,41,2,21,2,60,7,0,0,-3,0,62   ,31/03/2016
10,Jeur,40,-1,24,,66,-6,0,43,0,-,62   ,31/05/2016
10,Jeur,33,1,-,,-,-,-,-,-,-,62   ,31/08/2016
9,Jeur,31,0,10,-2,56,-13,0,0,-116,47.0,62   ,31/12/2016
